user_id,views_7d,likes_7d,last_seen_at
1,174,52,2025-11-03T04:42:04.708830
2,3,1,2025-11-02T23:42:04.708830
3,6,0,2025-11-05T04:42:04.708830
4,4,1,2025-11-04T06:42:04.708830
5,4,4,2025-10-31T14:42:04.708830
6,1,0,2025-11-02T23:42:04.708830
7,2,2,2025-11-01T03:42:04.708830
8,3,2,2025-11-04T07:42:04.708830
9,4,0,2025-11-06T01:42:04.708830
10,5,2,2025-11-01T13:42:04.708830
11,5,0,2025-11-04T12:42:04.708830
12,6,4,2025-11-05T21:42:04.708830
13,3,1,2025-11-03T01:42:04.708830
14,7,1,2025-11-04T07:42:04.708830
15,5,0,2025-11-02T07:42:04.708830
16,2,1,2025-11-05T03:42:04.708830
17,4,1,2025-10-31T22:42:04.708830
18,2,0,2025-11-02T23:42:04.708830
19,4,2,2025-11-03T05:42:04.708830
20,6,1,2025-11-03T05:42:04.708830
21,2,1,2025-11-02T00:42:04.708830
22,2,1,2025-11-03T12:42:04.708830
23,6,0,2025-11-01T13:42:04.708830
24,2,0,2025-10-31T12:42:04.708830
25,4,2,2025-10-30T06:42:04.708830
26,3,0,2025-10-30T19:42:04.708830
27,4,5,2025-11-04T04:42:04.708830
28,4,1,2025-11-03T06:42:04.708830
29,5,2,2025-11-02T18:42:04.708830
30,4,3,2025-11-02T13:42:04.708830
31,8,1,2025-11-04T09:42:04.708830
32,7,4,2025-11-01T17:42:04.708830
33,3,1,2025-10-31T18:42:04.708830
34,6,0,2025-10-31T16:42:04.708830
35,5,3,2025-10-31T02:42:04.708830
36,1,0,2025-10-30T23:42:04.708830
37,1,3,2025-11-02T09:42:04.708830
38,3,1,2025-11-02T11:42:04.708830
39,5,4,2025-11-03T16:42:04.708830
40,3,1,2025-10-31T12:42:04.708830
41,4,1,2025-11-03T17:42:04.708830
42,5,0,2025-11-03T14:42:04.708830
43,3,2,2025-11-02T19:42:04.708830
44,9,1,2025-11-04T03:42:04.708830
45,4,2,2025-11-04T08:42:04.708830
46,7,1,2025-11-02T11:42:04.708830
47,7,2,2025-11-03T13:42:04.708830
48,8,2,2025-11-04T04:42:04.708830
49,2,1,2025-11-05T10:42:04.708830
50,3,2,2025-11-03T05:42:04.708830
51,3,0,2025-11-05T08:42:04.708830
52,3,1,2025-10-31T21:42:04.708830
53,6,1,2025-10-31T09:42:04.708830
54,11,1,2025-10-31T15:42:04.708830
55,3,2,2025-11-05T03:42:04.708830
56,6,3,2025-11-05T23:42:04.708830
57,3,0,2025-11-02T05:42:04.708830
58,5,0,2025-11-04T03:42:04.708830
59,4,3,2025-11-02T20:42:04.708830
60,5,1,2025-10-30T22:42:04.708830
61,3,0,2025-11-06T01:42:04.708830
62,4,1,2025-11-03T05:42:04.708830
63,1,0,2025-11-03T19:42:04.708830
64,7,1,2025-10-30T21:42:04.708830
65,8,2,2025-11-02T23:42:04.708830
66,2,2,2025-10-31T22:42:04.708830
67,5,5,2025-10-30T16:42:04.708830
68,5,3,2025-10-31T01:42:04.708830
69,3,0,2025-10-31T08:42:04.708830
70,4,2,2025-11-04T06:42:04.708830
71,2,0,2025-10-31T04:42:04.708830
72,4,2,2025-10-31T03:42:04.708830
73,6,0,2025-11-02T00:42:04.708830
74,6,5,2025-10-31T09:42:04.708830
75,7,3,2025-10-30T05:42:04.708830
76,7,0,2025-11-02T19:42:04.708830
77,9,2,2025-11-02T08:42:04.708830
78,5,2,2025-10-31T20:42:04.708830
79,6,3,2025-10-31T17:42:04.708830
80,8,1,2025-11-01T01:42:04.708830
81,4,1,2025-11-03T05:42:04.708830
82,5,2,2025-11-04T05:42:04.708830
83,1,2,2025-10-30T09:42:04.708830
84,4,3,2025-10-30T19:42:04.708830
85,3,1,2025-10-31T06:42:04.708830
86,10,0,2025-11-05T20:42:04.708830
87,5,2,2025-11-04T21:42:04.708830
88,4,4,2025-11-03T08:42:04.708830
89,6,1,2025-10-31T05:42:04.708830
90,6,2,2025-11-05T01:42:04.708830
91,5,1,2025-11-03T22:42:04.708830
92,5,0,2025-11-01T00:42:04.708830
93,7,2,2025-11-04T11:42:04.708830
94,3,0,2025-10-30T11:42:04.708830
95,7,2,2025-11-03T21:42:04.708830
96,9,0,2025-11-04T10:42:04.708830
97,5,3,2025-10-31T01:42:04.708830
98,6,0,2025-11-05T14:42:04.708830
99,3,1,2025-11-05T15:42:04.708830
100,6,3,2025-10-30T03:42:04.708830
101,5,5,2025-10-31T23:42:04.708830
102,7,2,2025-11-04T14:42:04.708830
103,7,4,2025-11-04T23:42:04.708830
104,4,2,2025-11-03T21:42:04.708830
105,9,2,2025-11-01T09:42:04.708830
106,7,1,2025-10-31T15:42:04.708830
107,6,1,2025-10-31T19:42:04.708830
108,6,3,2025-11-05T17:42:04.708830
109,7,2,2025-11-04T00:42:04.708830
110,3,1,2025-11-04T18:42:04.708830
111,2,1,2025-11-03T23:42:04.708830
112,5,2,2025-10-30T14:42:04.708830
113,6,4,2025-10-30T01:42:04.708830
114,6,1,2025-10-31T17:42:04.708830
115,6,3,2025-11-04T19:42:04.708830
116,11,3,2025-11-01T19:42:04.708830
117,6,4,2025-10-31T18:42:04.708830
118,8,1,2025-11-03T16:42:04.708830
119,5,0,2025-11-03T07:42:04.708830
120,7,5,2025-11-03T11:42:04.708830
121,9,3,2025-11-02T08:42:04.708830
122,8,2,2025-10-30T06:42:04.708830
123,11,1,2025-11-05T04:42:04.708830
124,6,0,2025-10-31T03:42:04.708830
125,5,1,2025-11-05T14:42:04.708830
126,6,2,2025-11-02T22:42:04.708830
127,11,2,2025-11-03T04:42:04.708830
128,8,5,2025-10-31T13:42:04.708830
129,4,1,2025-10-31T18:42:04.708830
130,3,1,2025-11-03T06:42:04.708830
131,8,2,2025-11-04T18:42:04.708830
132,5,0,2025-10-31T11:42:04.708830
133,4,0,2025-11-01T10:42:04.708830
134,3,2,2025-11-02T17:42:04.708830
135,6,1,2025-11-04T08:42:04.708830
136,9,1,2025-11-05T17:42:04.708830
137,5,1,2025-10-31T16:42:04.708830
138,10,4,2025-11-03T21:42:04.708830
139,8,1,2025-11-02T11:42:04.708830
140,8,3,2025-10-31T04:42:04.708830
141,8,0,2025-11-05T04:42:04.708830
142,7,1,2025-10-30T12:42:04.708830
143,8,1,2025-11-04T02:42:04.708830
144,12,1,2025-11-04T16:42:04.708830
145,3,1,2025-11-04T02:42:04.708830
146,7,0,2025-11-01T20:42:04.708830
147,2,4,2025-10-31T03:42:04.708830
148,4,0,2025-10-31T13:42:04.708830
149,8,3,2025-11-05T19:42:04.708830
150,7,3,2025-10-31T12:42:04.708830
151,7,2,2025-11-03T06:42:04.708830
152,8,0,2025-10-31T08:42:04.708830
153,4,1,2025-11-03T03:42:04.708830
154,11,0,2025-11-06T01:42:04.708830
155,6,2,2025-11-02T11:42:04.708830
156,8,1,2025-11-02T00:42:04.708830
157,7,1,2025-11-05T20:42:04.708830
158,5,0,2025-11-01T20:42:04.708830
159,5,2,2025-10-31T12:42:04.708830
160,4,0,2025-11-01T23:42:04.708830
161,10,1,2025-11-03T07:42:04.708830
162,7,3,2025-11-04T04:42:04.708830
163,10,1,2025-11-03T14:42:04.708830
164,6,1,2025-11-02T18:42:04.708830
165,4,2,2025-10-30T08:42:04.708830
166,4,2,2025-10-31T15:42:04.708830
167,5,6,2025-10-30T16:42:04.708830
168,3,2,2025-11-04T12:42:04.708830
169,3,1,2025-11-03T12:42:04.708830
170,4,0,2025-11-03T23:42:04.708830
171,7,1,2025-11-02T17:42:04.708830
172,8,0,2025-10-31T13:42:04.708830
173,7,0,2025-11-01T21:42:04.708830
174,5,2,2025-11-01T21:42:04.708830
175,5,2,2025-11-01T15:42:04.708830
176,4,0,2025-11-03T00:42:04.708830
177,5,4,2025-11-03T07:42:04.708830
178,8,2,2025-11-03T23:42:04.708830
179,10,4,2025-11-04T18:42:04.708830
180,8,2,2025-11-03T01:42:04.708830
181,5,2,2025-11-05T06:42:04.708830
182,1,3,2025-10-31T15:42:04.708830
183,5,1,2025-11-05T01:42:04.708830
184,11,1,2025-10-30T22:42:04.708830
185,6,2,2025-11-02T14:42:04.708830
186,2,2,2025-10-31T05:42:04.708830
187,11,5,2025-10-30T16:42:04.708830
188,8,2,2025-11-01T11:42:04.708830
189,7,2,2025-11-01T22:42:04.708830
190,13,2,2025-10-31T20:42:04.708830
191,6,1,2025-11-02T01:42:04.708830
192,6,1,2025-11-01T19:42:04.708830
193,8,2,2025-11-01T14:42:04.708830
194,5,0,2025-11-03T02:42:04.708830
195,7,3,2025-11-04T20:42:04.708830
196,10,0,2025-11-03T15:42:04.708830
197,5,0,2025-11-01T17:42:04.708830
198,4,4,2025-11-01T01:42:04.708830
199,8,3,2025-10-31T20:42:04.708830
200,2,0,2025-11-04T14:42:04.708830
201,7,0,2025-11-01T15:42:04.708830
202,7,0,2025-10-31T09:42:04.708830
203,6,3,2025-11-04T09:42:04.708830
204,6,3,2025-10-31T00:42:04.708830
205,10,2,2025-11-03T17:42:04.708830
206,2,0,2025-10-30T05:42:04.708830
207,6,3,2025-11-03T16:42:04.708830
208,8,0,2025-10-31T20:42:04.708830
209,5,2,2025-11-04T16:42:04.708830
210,5,1,2025-11-03T04:42:04.708830
211,5,3,2025-11-05T15:42:04.708830
212,9,2,2025-10-30T04:42:04.708830
213,8,2,2025-11-02T00:42:04.708830
214,6,2,2025-11-02T14:42:04.708830
215,10,2,2025-11-02T08:42:04.708830
216,12,6,2025-10-30T12:42:04.708830
217,7,2,2025-11-01T18:42:04.708830
218,7,1,2025-10-31T20:42:04.708830
219,7,1,2025-11-04T16:42:04.708830
220,2,0,2025-11-01T07:42:04.708830
221,7,5,2025-11-01T18:42:04.708830
222,6,2,2025-10-30T22:42:04.708830
223,7,0,2025-11-05T04:42:04.708830
224,7,0,2025-10-30T18:42:04.708830
225,5,2,2025-11-04T04:42:04.708830
226,6,1,2025-11-04T17:42:04.708830
227,9,1,2025-10-30T18:42:04.708830
228,3,2,2025-10-30T15:42:04.708830
229,2,0,2025-11-02T06:42:04.708830
230,8,2,2025-11-03T06:42:04.708830
231,3,1,2025-11-04T04:42:04.708830
232,5,1,2025-10-31T03:42:04.708830
233,9,0,2025-11-05T17:42:04.708830
234,7,3,2025-10-30T18:42:04.708830
235,5,1,2025-10-31T15:42:04.708830
236,8,2,2025-10-31T13:42:04.708830
237,1,2,2025-11-03T13:42:04.708830
238,5,3,2025-11-01T03:42:04.708830
239,6,1,2025-10-30T18:42:04.708830
240,8,1,2025-10-31T18:42:04.708830
241,5,1,2025-10-31T12:42:04.708830
242,4,0,2025-11-02T11:42:04.708830
243,10,3,2025-11-03T05:42:04.708830
244,5,2,2025-11-02T09:42:04.708830
245,2,3,2025-11-02T04:42:04.708830
246,11,2,2025-11-05T20:42:04.708830
247,3,5,2025-10-30T15:42:04.708830
248,6,3,2025-11-04T09:42:04.708830
249,5,2,2025-11-04T08:42:04.708830
250,8,3,2025-11-03T22:42:04.708830
251,13,2,2025-11-05T17:42:04.708830
252,9,1,2025-10-30T06:42:04.708830
253,3,1,2025-11-02T01:42:04.708830
254,8,2,2025-11-03T11:42:04.708830
255,9,0,2025-11-01T14:42:04.708830
256,6,0,2025-11-05T17:42:04.708830
257,5,1,2025-11-02T20:42:04.708830
258,6,1,2025-11-05T00:42:04.708830
259,7,2,2025-11-02T23:42:04.708830
260,6,1,2025-11-02T20:42:04.708830
261,2,2,2025-10-30T21:42:04.708830
262,9,1,2025-10-30T07:42:04.708830
263,5,3,2025-11-04T07:42:04.708830
264,4,5,2025-11-05T14:42:04.708830
265,2,2,2025-11-05T17:42:04.708830
266,5,1,2025-11-02T20:42:04.708830
267,8,4,2025-11-03T15:42:04.708830
268,10,0,2025-11-02T07:42:04.708830
269,7,4,2025-10-31T22:42:04.708830
270,10,1,2025-11-03T15:42:04.708830
271,3,2,2025-10-31T01:42:04.708830
272,3,2,2025-11-04T08:42:04.708830
273,3,5,2025-10-30T06:42:04.708830
274,10,3,2025-11-02T12:42:04.708830
275,9,4,2025-11-03T16:42:04.708830
276,9,0,2025-11-01T12:42:04.708830
277,3,3,2025-10-30T05:42:04.708830
278,5,2,2025-10-30T04:42:04.708830
279,4,1,2025-11-03T19:42:04.708830
280,6,5,2025-10-30T18:42:04.708830
281,7,1,2025-11-04T05:42:04.708830
282,7,1,2025-11-04T09:42:04.708830
283,6,1,2025-10-31T13:42:04.708830
284,2,1,2025-11-01T12:42:04.708830
285,8,5,2025-11-04T02:42:04.708830
286,10,3,2025-10-31T05:42:04.708830
287,9,6,2025-10-31T07:42:04.708830
288,5,2,2025-11-02T15:42:04.708830
289,6,2,2025-10-31T09:42:04.708830
290,3,2,2025-11-02T12:42:04.708830
291,7,2,2025-11-03T16:42:04.708830
292,4,3,2025-11-03T05:42:04.708830
293,8,1,2025-10-30T15:42:04.708830
294,7,3,2025-11-02T21:42:04.708830
295,10,4,2025-10-31T15:42:04.708830
296,7,2,2025-11-03T03:42:04.708830
297,4,4,2025-11-05T03:42:04.708830
298,4,2,2025-11-04T00:42:04.708830
299,6,3,2025-11-02T17:42:04.708830
300,5,4,2025-11-04T12:42:04.708830
301,6,0,2025-10-30T19:42:04.708830
302,5,3,2025-11-01T10:42:04.708830
303,7,3,2025-11-01T14:42:04.708830
304,4,3,2025-11-03T03:42:04.708830
305,6,1,2025-10-30T03:42:04.708830
306,4,0,2025-11-05T04:42:04.708830
307,5,4,2025-11-03T01:42:04.708830
308,10,2,2025-11-02T00:42:04.708830
309,8,2,2025-11-01T03:42:04.708830
310,3,4,2025-11-02T19:42:04.708830
311,12,1,2025-11-04T22:42:04.708830
312,6,4,2025-11-05T01:42:04.708830
313,8,3,2025-10-31T06:42:04.708830
314,7,3,2025-11-05T06:42:04.708830
315,6,3,2025-11-02T07:42:04.708830
316,6,1,2025-11-01T23:42:04.708830
317,3,0,2025-10-31T04:42:04.708830
318,10,1,2025-11-01T19:42:04.708830
319,5,4,2025-11-04T21:42:04.708830
320,2,2,2025-11-02T14:42:04.708830
321,5,0,2025-11-03T21:42:04.708830
322,8,1,2025-11-02T19:42:04.708830
323,8,4,2025-10-30T02:42:04.708830
324,6,1,2025-11-03T09:42:04.708830
325,6,3,2025-10-30T02:42:04.708830
326,6,3,2025-11-04T18:42:04.708830
327,6,2,2025-11-02T20:42:04.708830
328,11,2,2025-11-03T12:42:04.708830
329,6,1,2025-10-30T15:42:04.708830
330,10,3,2025-10-30T12:42:04.708830
331,3,0,2025-11-01T08:42:04.708830
332,9,2,2025-11-04T17:42:04.708830
333,10,1,2025-10-30T12:42:04.708830
334,9,4,2025-11-03T18:42:04.708830
335,7,3,2025-11-02T16:42:04.708830
336,8,1,2025-11-02T00:42:04.708830
337,4,2,2025-11-01T09:42:04.708830
338,6,2,2025-11-01T11:42:04.708830
339,7,0,2025-10-31T07:42:04.708830
340,3,3,2025-11-03T03:42:04.708830
341,9,1,2025-11-05T15:42:04.708830
342,7,3,2025-11-03T21:42:04.708830
343,7,4,2025-10-31T23:42:04.708830
344,5,2,2025-11-05T05:42:04.708830
345,6,2,2025-11-03T04:42:04.708830
346,9,3,2025-11-05T04:42:04.708830
347,9,0,2025-10-30T05:42:04.708830
348,6,1,2025-10-31T18:42:04.708830
349,11,1,2025-10-31T01:42:04.708830
350,4,0,2025-11-05T20:42:04.708830
351,10,4,2025-10-31T18:42:04.708830
352,3,3,2025-11-04T01:42:04.708830
353,6,1,2025-11-03T07:42:04.708830
354,8,1,2025-10-31T16:42:04.708830
355,8,3,2025-11-01T20:42:04.708830
356,5,3,2025-11-04T13:42:04.708830
357,3,2,2025-11-03T16:42:04.708830
358,7,1,2025-11-03T23:42:04.708830
359,10,3,2025-10-31T06:42:04.708830
360,2,2,2025-10-31T12:42:04.708830
361,5,4,2025-10-31T09:42:04.708830
362,7,2,2025-10-31T19:42:04.708830
363,12,2,2025-11-05T14:42:04.708830
364,3,3,2025-11-02T21:42:04.708830
365,5,1,2025-11-05T10:42:04.708830
366,7,3,2025-11-01T11:42:04.708830
367,7,0,2025-11-05T09:42:04.708830
368,7,2,2025-11-05T21:42:04.708830
369,2,0,2025-11-04T09:42:04.708830
370,9,1,2025-10-30T15:42:04.708830
371,9,0,2025-10-31T06:42:04.708830
372,7,2,2025-11-04T04:42:04.708830
373,4,3,2025-11-05T08:42:04.708830
374,8,1,2025-10-31T20:42:04.708830
375,6,2,2025-11-01T09:42:04.708830
376,5,0,2025-10-31T22:42:04.708830
377,6,2,2025-11-01T11:42:04.708830
378,6,2,2025-10-30T13:42:04.708830
379,8,1,2025-11-02T14:42:04.708830
380,11,2,2025-11-01T10:42:04.708830
381,10,0,2025-11-03T03:42:04.708830
382,11,1,2025-11-03T09:42:04.708830
383,5,1,2025-10-31T22:42:04.708830
384,4,4,2025-10-30T14:42:04.708830
385,8,1,2025-11-04T01:42:04.708830
386,4,4,2025-10-30T18:42:04.708830
387,3,1,2025-11-01T08:42:04.708830
388,10,3,2025-11-05T19:42:04.708830
389,7,2,2025-11-01T22:42:04.708830
390,7,3,2025-11-03T14:42:04.708830
391,7,2,2025-11-02T02:42:04.708830
392,8,0,2025-11-01T23:42:04.708830
393,6,1,2025-11-01T16:42:04.708830
394,11,2,2025-11-05T14:42:04.708830
395,6,1,2025-11-01T16:42:04.708830
396,3,5,2025-10-30T03:42:04.708830
397,5,1,2025-11-03T08:42:04.708830
398,3,1,2025-11-05T13:42:04.708830
399,8,2,2025-11-03T07:42:04.708830
400,6,1,2025-11-04T21:42:04.708830
401,13,1,2025-11-02T08:42:04.708830
402,6,0,2025-11-03T18:42:04.708830
403,4,3,2025-11-01T12:42:04.708830
404,5,0,2025-11-02T07:42:04.708830
405,4,3,2025-10-30T07:42:04.708830
406,3,1,2025-10-30T17:42:04.708830
407,5,0,2025-11-05T19:42:04.708830
408,5,0,2025-11-02T22:42:04.708830
409,6,3,2025-10-30T11:42:04.708830
410,7,5,2025-11-05T20:42:04.708830
411,5,2,2025-11-01T00:42:04.708830
412,5,4,2025-10-30T11:42:04.708830
413,8,1,2025-11-04T22:42:04.708830
414,11,1,2025-11-02T04:42:04.708830
415,7,3,2025-11-02T20:42:04.708830
416,3,2,2025-11-04T09:42:04.708830
417,6,3,2025-11-02T14:42:04.708830
418,4,0,2025-11-05T09:42:04.708830
419,5,3,2025-10-31T16:42:04.708830
420,6,3,2025-10-30T16:42:04.708830
421,8,1,2025-11-01T09:42:04.708830
422,5,1,2025-11-04T20:42:04.708830
423,6,2,2025-11-02T23:42:04.708830
424,5,0,2025-10-30T16:42:04.708830
425,9,0,2025-11-01T08:42:04.708830
426,9,3,2025-11-01T02:42:04.708830
427,9,1,2025-10-31T23:42:04.708830
428,5,2,2025-10-30T18:42:04.708830
429,13,1,2025-11-04T14:42:04.708830
430,12,0,2025-10-30T18:42:04.708830
431,8,4,2025-10-30T13:42:04.708830
432,7,6,2025-11-02T00:42:04.708830
433,5,0,2025-11-05T06:42:04.708830
434,9,1,2025-11-03T12:42:04.708830
435,3,3,2025-11-05T03:42:04.708830
436,7,2,2025-11-03T12:42:04.708830
437,9,2,2025-10-31T18:42:04.708830
438,4,1,2025-11-05T04:42:04.708830
439,8,3,2025-11-05T12:42:04.708830
440,7,1,2025-10-31T00:42:04.708830
441,9,4,2025-11-04T19:42:04.708830
442,4,0,2025-11-05T10:42:04.708830
443,9,0,2025-11-01T00:42:04.708830
444,8,1,2025-11-02T15:42:04.708830
445,6,0,2025-11-02T01:42:04.708830
446,9,2,2025-10-30T07:42:04.708830
447,7,4,2025-11-04T10:42:04.708830
448,6,1,2025-11-03T05:42:04.708830
449,6,2,2025-11-04T05:42:04.708830
450,11,1,2025-11-01T02:42:04.708830
451,6,0,2025-11-02T09:42:04.708830
452,10,0,2025-11-05T16:42:04.708830
453,7,2,2025-11-04T08:42:04.708830
454,8,0,2025-11-02T23:42:04.708830
455,6,1,2025-10-30T18:42:04.708830
456,5,0,2025-10-31T08:42:04.708830
457,3,4,2025-10-31T22:42:04.708830
458,6,1,2025-11-05T17:42:04.708830
459,6,3,2025-11-04T11:42:04.708830
460,3,2,2025-11-06T01:42:04.708830
461,4,0,2025-10-31T15:42:04.708830
462,6,1,2025-11-02T17:42:04.708830
463,5,2,2025-10-31T10:42:04.708830
464,8,0,2025-10-30T09:42:04.708830
465,2,3,2025-11-04T16:42:04.708830
466,10,3,2025-11-01T08:42:04.708830
467,7,3,2025-10-30T16:42:04.708830
468,10,3,2025-11-03T18:42:04.708830
469,6,0,2025-11-03T05:42:04.708830
470,4,5,2025-11-01T15:42:04.708830
471,5,1,2025-11-02T17:42:04.708830
472,3,3,2025-11-01T10:42:04.708830
473,6,3,2025-11-02T18:42:04.708830
474,5,1,2025-11-05T05:42:04.708830
475,6,3,2025-11-04T10:42:04.708830
476,2,1,2025-11-04T04:42:04.708830
477,5,4,2025-11-05T02:42:04.708830
478,5,2,2025-11-01T18:42:04.708830
479,7,0,2025-11-02T08:42:04.708830
480,9,1,2025-11-03T23:42:04.708830
481,4,1,2025-11-03T14:42:04.708830
482,10,0,2025-11-01T16:42:04.708830
483,9,2,2025-11-03T22:42:04.708830
484,4,4,2025-11-05T13:42:04.708830
485,8,3,2025-10-30T10:42:04.708830
486,8,1,2025-11-02T12:42:04.708830
487,8,3,2025-10-31T20:42:04.708830
488,7,1,2025-10-31T17:42:04.708830
489,10,0,2025-11-02T13:42:04.708830
490,6,0,2025-11-03T08:42:04.708830
491,4,4,2025-11-04T23:42:04.708830
492,10,1,2025-11-03T11:42:04.708830
493,5,1,2025-10-31T13:42:04.708830
494,7,2,2025-10-31T12:42:04.708830
495,1,0,2025-11-01T01:42:04.708830
496,6,4,2025-11-05T16:42:04.708830
497,8,1,2025-11-03T20:42:04.708830
498,12,1,2025-11-05T14:42:04.708830
499,8,0,2025-11-02T16:42:04.708830
500,6,4,2025-11-03T17:42:04.708830
501,7,2,2025-10-30T06:42:04.708830
502,6,3,2025-11-03T23:42:04.708830
503,5,1,2025-11-03T14:42:04.708830
504,6,2,2025-10-31T03:42:04.708830
505,2,1,2025-10-30T22:42:04.708830
506,8,1,2025-11-04T18:42:04.708830
507,7,3,2025-11-04T17:42:04.708830
508,6,4,2025-11-05T02:42:04.708830
509,8,3,2025-11-05T22:42:04.708830
510,9,0,2025-11-02T23:42:04.708830
511,2,1,2025-10-30T18:42:04.708830
512,6,2,2025-11-02T18:42:04.708830
513,7,1,2025-11-05T23:42:04.708830
514,6,2,2025-11-03T13:42:04.708830
515,13,2,2025-11-04T17:42:04.708830
516,6,2,2025-10-30T04:42:04.708830
517,8,3,2025-11-03T02:42:04.708830
518,12,0,2025-10-31T06:42:04.708830
519,4,1,2025-10-30T10:42:04.708830
520,11,1,2025-11-06T01:42:04.708830
521,4,2,2025-11-05T12:42:04.708830
522,5,2,2025-11-02T13:42:04.708830
523,10,1,2025-11-01T20:42:04.708830
524,9,2,2025-11-04T02:42:04.708830
525,8,0,2025-11-02T09:42:04.708830
526,4,2,2025-11-01T17:42:04.708830
527,10,2,2025-11-05T03:42:04.708830
528,6,2,2025-11-04T09:42:04.708830
529,8,2,2025-11-05T20:42:04.708830
530,8,4,2025-10-30T11:42:04.708830
531,2,2,2025-11-01T01:42:04.708830
532,11,2,2025-11-03T19:42:04.708830
533,3,1,2025-11-04T00:42:04.708830
534,6,1,2025-11-04T05:42:04.708830
535,9,1,2025-11-05T09:42:04.708830
536,12,3,2025-11-01T05:42:04.708830
537,4,1,2025-11-03T04:42:04.708830
538,5,3,2025-11-05T18:42:04.708830
539,7,2,2025-11-01T16:42:04.708830
540,7,0,2025-11-02T10:42:04.708830
541,11,2,2025-11-01T08:42:04.708830
542,7,2,2025-11-02T10:42:04.708830
543,3,3,2025-11-01T15:42:04.708830
544,0,2,2025-11-04T22:42:04.708830
545,6,1,2025-11-01T18:42:04.708830
546,10,0,2025-10-31T19:42:04.708830
547,4,4,2025-11-03T18:42:04.708830
548,7,1,2025-11-04T15:42:04.708830
549,8,1,2025-11-04T05:42:04.708830
550,4,2,2025-11-01T04:42:04.708830
551,9,3,2025-11-05T01:42:04.708830
552,5,0,2025-11-02T14:42:04.708830
553,6,2,2025-11-02T18:42:04.708830
554,5,2,2025-10-31T17:42:04.708830
555,5,1,2025-11-02T19:42:04.708830
556,7,1,2025-11-04T20:42:04.708830
557,9,1,2025-11-05T09:42:04.708830
558,6,1,2025-11-04T00:42:04.708830
559,9,1,2025-10-30T07:42:04.708830
560,10,2,2025-11-05T22:42:04.708830
561,8,2,2025-11-04T14:42:04.708830
562,13,2,2025-11-03T14:42:04.708830
563,6,2,2025-11-03T11:42:04.708830
564,4,6,2025-11-04T12:42:04.708830
565,8,1,2025-10-30T14:42:04.708830
566,7,3,2025-11-02T03:42:04.708830
567,10,3,2025-10-31T00:42:04.708830
568,8,1,2025-10-30T01:42:04.708830
569,7,4,2025-11-04T10:42:04.708830
570,11,1,2025-10-31T18:42:04.708830
571,6,1,2025-10-31T03:42:04.708830
572,11,2,2025-10-31T14:42:04.708830
573,7,1,2025-11-04T20:42:04.708830
574,10,3,2025-10-30T11:42:04.708830
575,7,2,2025-11-05T00:42:04.708830
576,8,4,2025-11-04T18:42:04.708830
577,6,3,2025-11-02T10:42:04.708830
578,7,0,2025-11-02T17:42:04.708830
579,9,2,2025-11-04T23:42:04.708830
580,10,1,2025-10-30T14:42:04.708830
581,7,2,2025-11-04T12:42:04.708830
582,3,2,2025-11-02T09:42:04.708830
583,5,1,2025-11-05T12:42:04.708830
584,7,4,2025-10-30T19:42:04.708830
585,5,3,2025-10-30T15:42:04.708830
586,4,3,2025-11-05T01:42:04.708830
587,4,0,2025-10-31T20:42:04.708830
588,8,1,2025-11-04T18:42:04.708830
589,3,2,2025-11-02T05:42:04.708830
590,8,1,2025-11-01T16:42:04.708830
591,12,2,2025-11-01T08:42:04.708830
592,5,2,2025-10-31T00:42:04.708830
593,6,3,2025-11-02T14:42:04.708830
594,4,0,2025-11-05T01:42:04.708830
595,11,2,2025-11-01T07:42:04.708830
596,7,4,2025-11-03T11:42:04.708830
597,7,0,2025-11-02T08:42:04.708830
598,11,1,2025-10-30T13:42:04.708830
599,6,3,2025-11-04T05:42:04.708830
600,1,1,2025-11-01T03:42:04.708830
601,8,1,2025-11-04T15:42:04.708830
602,5,2,2025-11-02T03:42:04.708830
603,3,2,2025-11-01T01:42:04.708830
604,2,4,2025-11-03T18:42:04.708830
605,7,1,2025-11-04T23:42:04.708830
606,6,2,2025-11-05T18:42:04.708830
607,7,1,2025-11-05T13:42:04.708830
608,10,3,2025-10-30T13:42:04.708830
609,5,3,2025-11-02T16:42:04.708830
610,5,1,2025-11-02T14:42:04.708830
611,8,1,2025-11-05T16:42:04.708830
612,9,3,2025-11-03T20:42:04.708830
613,7,4,2025-11-03T00:42:04.708830
614,5,2,2025-10-30T13:42:04.708830
615,3,2,2025-11-05T20:42:04.708830
616,6,0,2025-11-04T09:42:04.708830
617,13,2,2025-10-31T17:42:04.708830
618,9,1,2025-11-06T01:42:04.708830
619,5,2,2025-10-30T17:42:04.708830
620,4,0,2025-10-30T14:42:04.708830
621,4,3,2025-11-02T17:42:04.708830
622,9,3,2025-11-01T16:42:04.708830
623,7,2,2025-11-01T09:42:04.708830
624,6,2,2025-11-03T22:42:04.708830
625,7,4,2025-11-01T13:42:04.708830
626,4,3,2025-11-04T10:42:04.708830
627,8,3,2025-10-30T01:42:04.708830
628,8,3,2025-11-01T12:42:04.708830
629,2,1,2025-11-05T00:42:04.708830
630,6,3,2025-10-31T23:42:04.708830
631,6,2,2025-11-05T02:42:04.708830
632,9,4,2025-10-30T06:42:04.708830
633,5,1,2025-10-30T22:42:04.708830
634,3,0,2025-11-04T00:42:04.708830
635,5,2,2025-11-05T06:42:04.708830
636,5,2,2025-11-02T12:42:04.708830
637,8,2,2025-11-04T20:42:04.708830
638,7,4,2025-11-01T13:42:04.708830
639,5,1,2025-10-30T09:42:04.708830
640,7,3,2025-11-01T21:42:04.708830
641,7,0,2025-11-02T19:42:04.708830
642,7,1,2025-11-05T20:42:04.708830
643,6,1,2025-11-01T22:42:04.708830
644,5,2,2025-11-03T08:42:04.708830
645,6,1,2025-11-05T03:42:04.708830
646,9,2,2025-11-03T23:42:04.708830
647,6,1,2025-11-03T21:42:04.708830
648,6,3,2025-11-01T15:42:04.708830
649,10,2,2025-11-01T01:42:04.708830
650,10,1,2025-10-30T11:42:04.708830
651,9,1,2025-11-01T04:42:04.708830
652,7,1,2025-11-04T03:42:04.708830
653,8,2,2025-10-31T21:42:04.708830
654,9,2,2025-11-03T01:42:04.708830
655,8,2,2025-11-03T18:42:04.708830
656,8,1,2025-11-02T06:42:04.708830
657,7,3,2025-11-05T06:42:04.708830
658,4,3,2025-11-05T04:42:04.708830
659,5,2,2025-11-03T14:42:04.708830
660,5,3,2025-10-30T03:42:04.708830
661,4,3,2025-10-30T01:42:04.708830
662,8,0,2025-11-04T18:42:04.708830
663,2,1,2025-10-31T00:42:04.708830
664,5,0,2025-11-05T19:42:04.708830
665,5,1,2025-11-01T13:42:04.708830
666,11,1,2025-11-04T10:42:04.708830
667,10,2,2025-11-03T03:42:04.708830
668,10,4,2025-11-02T18:42:04.708830
669,6,2,2025-11-06T01:42:04.708830
670,14,3,2025-11-03T03:42:04.708830
671,7,0,2025-11-03T13:42:04.708830
672,4,1,2025-10-30T05:42:04.708830
673,8,0,2025-11-01T05:42:04.708830
674,4,3,2025-11-03T16:42:04.708830
675,7,2,2025-10-31T08:42:04.708830
676,5,1,2025-11-05T01:42:04.708830
677,7,1,2025-10-31T19:42:04.708830
678,3,0,2025-10-30T04:42:04.708830
679,6,2,2025-10-31T14:42:04.708830
680,6,2,2025-11-03T11:42:04.708830
681,5,1,2025-11-01T02:42:04.708830
682,6,2,2025-11-04T03:42:04.708830
683,5,1,2025-11-01T08:42:04.708830
684,6,1,2025-10-30T08:42:04.708830
685,7,2,2025-11-05T12:42:04.708830
686,10,2,2025-11-03T00:42:04.708830
687,7,1,2025-11-03T02:42:04.708830
688,8,3,2025-10-31T19:42:04.708830
689,5,0,2025-11-04T13:42:04.708830
690,13,1,2025-10-30T03:42:04.708830
691,4,1,2025-11-05T01:42:04.708830
692,3,1,2025-11-05T18:42:04.708830
693,4,0,2025-11-05T05:42:04.708830
694,4,3,2025-11-03T04:42:04.708830
695,7,0,2025-10-30T10:42:04.708830
696,6,1,2025-11-03T20:42:04.708830
697,4,0,2025-10-31T02:42:04.708830
698,8,2,2025-11-05T22:42:04.708830
699,9,2,2025-11-05T19:42:04.708830
700,13,2,2025-10-31T03:42:04.708830
701,8,3,2025-10-30T20:42:04.708830
702,17,3,2025-11-05T21:42:04.708830
703,9,2,2025-11-01T23:42:04.708830
704,5,5,2025-11-01T16:42:04.708830
705,8,2,2025-11-06T01:42:04.708830
706,7,3,2025-11-01T11:42:04.708830
707,8,1,2025-11-02T07:42:04.708830
708,4,1,2025-10-31T19:42:04.708830
709,7,3,2025-11-05T22:42:04.708830
710,9,6,2025-10-31T11:42:04.708830
711,8,6,2025-10-31T11:42:04.708830
712,7,2,2025-11-03T08:42:04.708830
713,8,0,2025-11-04T22:42:04.708830
714,6,1,2025-11-04T00:42:04.708830
715,5,1,2025-10-30T04:42:04.708830
716,5,0,2025-11-02T01:42:04.708830
717,10,0,2025-11-05T00:42:04.708830
718,8,1,2025-11-05T12:42:04.708830
719,6,2,2025-11-02T06:42:04.708830
720,3,2,2025-10-30T10:42:04.708830
721,4,3,2025-10-30T02:42:04.708830
722,7,1,2025-10-30T07:42:04.708830
723,5,1,2025-11-05T18:42:04.708830
724,3,0,2025-11-04T13:42:04.708830
725,5,2,2025-10-31T10:42:04.708830
726,9,1,2025-11-05T20:42:04.708830
727,7,1,2025-11-04T11:42:04.708830
728,4,1,2025-11-03T05:42:04.708830
729,8,1,2025-11-05T15:42:04.708830
730,8,0,2025-11-05T01:42:04.708830
731,7,2,2025-10-30T20:42:04.708830
732,7,4,2025-11-02T10:42:04.708830
733,5,0,2025-11-04T18:42:04.708830
734,5,2,2025-11-02T15:42:04.708830
735,4,2,2025-10-31T14:42:04.708830
736,11,2,2025-10-30T11:42:04.708830
737,2,2,2025-11-04T19:42:04.708830
738,5,1,2025-10-30T17:42:04.708830
739,9,1,2025-11-03T02:42:04.708830
740,2,7,2025-11-01T16:42:04.708830
741,6,0,2025-11-01T01:42:04.708830
742,3,1,2025-10-30T23:42:04.708830
743,5,4,2025-11-02T01:42:04.708830
744,13,1,2025-11-02T16:42:04.708830
745,4,3,2025-11-05T10:42:04.708830
746,5,1,2025-11-01T17:42:04.708830
747,8,3,2025-11-03T20:42:04.708830
748,5,1,2025-10-31T19:42:04.708830
749,8,2,2025-10-31T07:42:04.708830
750,10,1,2025-10-30T18:42:04.708830
751,4,0,2025-11-02T09:42:04.708830
752,5,1,2025-11-04T09:42:04.708830
753,6,3,2025-11-02T12:42:04.708830
754,6,1,2025-11-04T15:42:04.708830
755,2,3,2025-10-31T22:42:04.708830
756,4,3,2025-11-01T22:42:04.708830
757,6,1,2025-10-30T16:42:04.708830
758,8,5,2025-10-31T19:42:04.708830
759,6,7,2025-11-04T09:42:04.708830
760,7,1,2025-11-05T06:42:04.708830
761,5,3,2025-11-05T21:42:04.708830
762,5,3,2025-11-01T21:42:04.708830
763,7,2,2025-10-30T01:42:04.708830
764,7,0,2025-11-02T02:42:04.708830
765,13,2,2025-11-03T02:42:04.708830
766,5,2,2025-11-03T14:42:04.708830
767,9,0,2025-11-01T10:42:04.708830
768,6,4,2025-11-04T05:42:04.708830
769,4,1,2025-11-03T01:42:04.708830
770,4,2,2025-11-01T00:42:04.708830
771,10,3,2025-11-03T22:42:04.708830
772,4,3,2025-11-03T03:42:04.708830
773,3,1,2025-11-02T12:42:04.708830
774,2,3,2025-11-05T18:42:04.708830
775,7,0,2025-11-03T06:42:04.708830
776,5,1,2025-11-04T19:42:04.708830
777,3,1,2025-11-05T10:42:04.708830
778,10,1,2025-11-03T13:42:04.708830
779,2,0,2025-11-04T04:42:04.708830
780,8,2,2025-10-30T19:42:04.708830
781,7,1,2025-11-03T23:42:04.708830
782,8,1,2025-11-03T06:42:04.708830
783,4,2,2025-11-04T14:42:04.708830
784,5,4,2025-11-03T16:42:04.708830
785,9,1,2025-11-03T18:42:04.708830
786,5,1,2025-11-02T03:42:04.708830
787,3,1,2025-11-02T05:42:04.708830
788,5,1,2025-11-05T02:42:04.708830
789,9,2,2025-10-31T01:42:04.708830
790,10,2,2025-11-01T07:42:04.708830
791,9,5,2025-11-01T11:42:04.708830
792,6,2,2025-10-31T04:42:04.708830
793,3,0,2025-10-31T22:42:04.708830
794,7,1,2025-11-03T14:42:04.708830
795,7,2,2025-11-02T03:42:04.708830
796,4,1,2025-11-05T14:42:04.708830
797,6,3,2025-11-03T13:42:04.708830
798,10,2,2025-11-02T17:42:04.708830
799,2,0,2025-10-31T15:42:04.708830
800,4,0,2025-11-05T04:42:04.708830
801,6,1,2025-11-02T15:42:04.708830
802,4,3,2025-11-02T05:42:04.708830
803,12,2,2025-11-03T23:42:04.708830
804,13,0,2025-11-02T12:42:04.708830
805,6,1,2025-11-02T20:42:04.708830
806,5,2,2025-10-30T03:42:04.708830
807,6,2,2025-11-02T08:42:04.708830
808,6,1,2025-10-31T15:42:04.708830
809,7,2,2025-11-01T07:42:04.708830
810,7,2,2025-11-01T09:42:04.708830
811,4,3,2025-11-05T04:42:04.708830
812,3,7,2025-11-05T11:42:04.708830
813,8,2,2025-11-03T02:42:04.708830
814,4,4,2025-11-02T22:42:04.708830
815,7,1,2025-10-30T11:42:04.708830
816,6,0,2025-11-01T05:42:04.708830
817,5,2,2025-10-31T00:42:04.708830
818,4,1,2025-10-31T08:42:04.708830
819,10,2,2025-11-02T12:42:04.708830
820,6,1,2025-10-31T01:42:04.708830
821,3,5,2025-10-30T04:42:04.708830
822,4,0,2025-11-04T14:42:04.708830
823,3,1,2025-11-04T03:42:04.708830
824,10,0,2025-11-02T08:42:04.708830
825,2,3,2025-11-02T02:42:04.708830
826,11,3,2025-11-02T05:42:04.708830
827,8,0,2025-11-03T23:42:04.708830
828,6,1,2025-11-04T17:42:04.708830
829,6,1,2025-10-31T01:42:04.708830
830,7,3,2025-11-05T13:42:04.708830
831,5,1,2025-10-31T06:42:04.708830
832,1,1,2025-10-31T00:42:04.708830
833,3,1,2025-10-30T03:42:04.708830
834,7,1,2025-11-02T00:42:04.708830
835,10,0,2025-11-01T23:42:04.708830
836,12,4,2025-10-30T15:42:04.708830
837,14,4,2025-11-05T18:42:04.708830
838,4,0,2025-11-04T18:42:04.708830
839,7,2,2025-11-04T08:42:04.708830
840,3,1,2025-11-02T13:42:04.708830
841,8,3,2025-10-31T02:42:04.708830
842,3,1,2025-11-05T07:42:04.708830
843,12,1,2025-11-01T10:42:04.708830
844,3,1,2025-11-05T23:42:04.708830
845,7,1,2025-11-02T14:42:04.708830
846,10,2,2025-11-02T06:42:04.708830
847,6,4,2025-10-30T06:42:04.708830
848,6,2,2025-11-03T05:42:04.708830
849,6,1,2025-11-02T03:42:04.708830
850,5,2,2025-11-01T03:42:04.708830
851,14,2,2025-11-03T04:42:04.708830
852,7,5,2025-11-01T20:42:04.708830
853,6,1,2025-11-02T16:42:04.708830
854,11,1,2025-11-02T11:42:04.708830
855,3,1,2025-10-31T09:42:04.708830
856,5,6,2025-10-31T08:42:04.708830
857,8,2,2025-11-01T23:42:04.708830
858,7,3,2025-11-01T05:42:04.708830
859,15,3,2025-10-30T21:42:04.708830
860,2,1,2025-11-01T03:42:04.708830
861,3,2,2025-10-31T15:42:04.708830
862,6,3,2025-11-01T03:42:04.708830
863,8,0,2025-10-30T18:42:04.708830
864,6,1,2025-11-02T06:42:04.708830
865,7,2,2025-10-30T23:42:04.708830
866,10,1,2025-11-04T00:42:04.708830
867,8,2,2025-11-03T05:42:04.708830
868,10,1,2025-10-30T19:42:04.708830
869,5,3,2025-11-04T04:42:04.708830
870,6,5,2025-11-05T14:42:04.708830
871,4,1,2025-10-30T12:42:04.708830
872,12,1,2025-11-01T04:42:04.708830
873,10,2,2025-10-31T14:42:04.708830
874,6,1,2025-11-04T13:42:04.708830
875,8,2,2025-11-03T06:42:04.708830
876,5,0,2025-10-30T10:42:04.708830
877,7,2,2025-11-05T11:42:04.708830
878,4,1,2025-11-02T20:42:04.708830
879,9,1,2025-11-04T01:42:04.708830
880,3,0,2025-11-03T00:42:04.708830
881,14,3,2025-10-30T23:42:04.708830
882,5,3,2025-11-03T20:42:04.708830
883,8,0,2025-11-02T16:42:04.708830
884,4,2,2025-11-05T15:42:04.708830
885,4,2,2025-11-04T05:42:04.708830
886,12,2,2025-11-04T06:42:04.708830
887,6,0,2025-10-31T08:42:04.708830
888,11,2,2025-11-05T23:42:04.708830
889,3,1,2025-10-30T22:42:04.708830
890,16,1,2025-11-01T12:42:04.708830
891,8,4,2025-11-03T07:42:04.708830
892,7,4,2025-11-05T02:42:04.708830
893,5,2,2025-10-31T11:42:04.708830
894,4,0,2025-11-01T14:42:04.708830
895,3,3,2025-11-03T13:42:04.708830
896,10,1,2025-11-01T19:42:04.708830
897,6,3,2025-11-01T06:42:04.708830
898,8,2,2025-11-03T21:42:04.708830
899,6,3,2025-11-01T09:42:04.708830
900,4,1,2025-11-01T09:42:04.708830
901,9,2,2025-10-30T23:42:04.708830
902,4,1,2025-11-03T23:42:04.708830
903,3,1,2025-11-02T08:42:04.708830
904,8,1,2025-11-02T23:42:04.708830
905,8,2,2025-10-31T06:42:04.708830
906,5,1,2025-10-30T21:42:04.708830
907,6,2,2025-11-03T10:42:04.708830
908,9,1,2025-11-05T21:42:04.708830
909,6,2,2025-10-31T20:42:04.708830
910,4,2,2025-11-05T21:42:04.708830
911,4,3,2025-10-30T12:42:04.708830
912,3,3,2025-11-05T23:42:04.708830
913,6,0,2025-10-30T08:42:04.708830
914,8,2,2025-11-06T01:42:04.708830
915,7,0,2025-11-02T20:42:04.708830
916,7,1,2025-10-30T17:42:04.708830
917,3,3,2025-11-04T20:42:04.708830
918,10,2,2025-11-04T05:42:04.708830
919,4,0,2025-11-03T05:42:04.708830
920,4,1,2025-11-04T21:42:04.708830
921,7,3,2025-11-04T10:42:04.708830
922,6,4,2025-10-30T06:42:04.708830
923,6,5,2025-10-31T11:42:04.708830
924,10,0,2025-11-05T13:42:04.708830
925,7,3,2025-11-03T04:42:04.708830
926,4,5,2025-10-31T03:42:04.708830
927,8,1,2025-10-30T02:42:04.708830
928,6,4,2025-10-30T18:42:04.708830
929,5,2,2025-11-02T13:42:04.708830
930,2,4,2025-11-01T02:42:04.708830
931,8,4,2025-10-31T12:42:04.708830
932,8,4,2025-11-03T10:42:04.708830
933,7,1,2025-11-04T18:42:04.708830
934,5,4,2025-11-01T21:42:04.708830
935,8,2,2025-10-30T18:42:04.708830
936,7,2,2025-11-01T03:42:04.708830
937,7,2,2025-10-30T23:42:04.708830
938,7,4,2025-11-04T15:42:04.708830
939,4,1,2025-11-04T06:42:04.708830
940,10,1,2025-11-03T10:42:04.708830
941,7,0,2025-11-06T00:42:04.708830
942,7,4,2025-10-31T18:42:04.708830
943,2,3,2025-11-02T11:42:04.708830
944,9,0,2025-11-04T10:42:04.708830
945,3,5,2025-11-01T10:42:04.708830
946,3,4,2025-11-02T10:42:04.708830
947,6,2,2025-10-31T16:42:04.708830
948,6,3,2025-11-04T15:42:04.708830
949,6,2,2025-11-04T15:42:04.708830
950,5,1,2025-10-30T02:42:04.708830
951,10,3,2025-10-31T12:42:04.708830
952,11,2,2025-11-05T14:42:04.708830
953,3,0,2025-11-01T12:42:04.708830
954,6,4,2025-11-03T01:42:04.708830
955,11,2,2025-11-04T08:42:04.708830
956,3,1,2025-11-05T20:42:04.708830
957,9,1,2025-11-02T18:42:04.708830
958,11,2,2025-11-04T00:42:04.708830
959,9,1,2025-11-03T10:42:04.708830
960,8,5,2025-11-01T10:42:04.708830
961,7,2,2025-11-04T11:42:04.708830
962,1,6,2025-11-04T14:42:04.708830
963,4,1,2025-11-04T23:42:04.708830
964,4,1,2025-11-03T03:42:04.708830
965,7,3,2025-10-30T13:42:04.708830
966,7,3,2025-11-03T00:42:04.708830
967,5,3,2025-11-05T16:42:04.708830
968,2,3,2025-11-01T11:42:04.708830
969,9,2,2025-10-30T18:42:04.708830
970,5,0,2025-10-31T05:42:04.708830
971,2,2,2025-10-31T13:42:04.708830
972,6,0,2025-11-03T16:42:04.708830
973,6,2,2025-11-02T09:42:04.708830
974,9,1,2025-11-04T17:42:04.708830
975,11,1,2025-11-05T23:42:04.708830
976,7,1,2025-11-05T19:42:04.708830
977,9,2,2025-11-01T03:42:04.708830
978,7,1,2025-10-31T06:42:04.708830
979,3,4,2025-11-02T00:42:04.708830
980,6,2,2025-10-31T13:42:04.708830
981,5,2,2025-10-31T22:42:04.708830
982,9,1,2025-11-04T03:42:04.708830
983,6,1,2025-11-05T16:42:04.708830
984,7,6,2025-11-03T16:42:04.708830
985,9,3,2025-11-04T07:42:04.708830
986,7,1,2025-11-05T01:42:04.708830
987,8,4,2025-11-03T02:42:04.708830
988,2,1,2025-11-03T10:42:04.708830
989,8,2,2025-11-02T05:42:04.708830
990,5,2,2025-10-30T08:42:04.708830
991,4,2,2025-11-02T12:42:04.708830
992,5,1,2025-11-02T10:42:04.708830
993,9,2,2025-11-05T06:42:04.708830
994,10,2,2025-10-30T12:42:04.708830
995,5,1,2025-10-31T02:42:04.708830
996,7,3,2025-11-04T15:42:04.708830
997,6,1,2025-11-04T17:42:04.708830
998,4,2,2025-11-05T09:42:04.708830
999,8,2,2025-10-30T08:42:04.708830
1000,6,1,2025-11-01T13:42:04.708830
1001,8,2,2025-10-31T18:42:04.708830
1002,6,0,2025-11-04T04:42:04.708830
1003,5,5,2025-11-01T18:42:04.708830
1004,2,1,2025-11-04T00:42:04.708830
1005,5,3,2025-11-04T11:42:04.708830
1006,5,2,2025-11-02T15:42:04.708830
1007,3,1,2025-11-05T11:42:04.708830
1008,7,3,2025-11-04T01:42:04.708830
1009,6,3,2025-11-04T06:42:04.708830
1010,5,5,2025-11-02T17:42:04.708830
1011,5,1,2025-11-05T19:42:04.708830
1012,7,2,2025-10-31T21:42:04.708830
1013,4,1,2025-11-04T04:42:04.708830
1014,10,1,2025-10-31T21:42:04.708830
1015,13,3,2025-11-05T07:42:04.708830
1016,4,4,2025-10-31T11:42:04.708830
1017,7,1,2025-11-05T17:42:04.708830
1018,7,1,2025-10-30T19:42:04.708830
1019,5,3,2025-10-31T10:42:04.708830
1020,4,1,2025-11-03T08:42:04.708830
1021,4,2,2025-11-01T14:42:04.708830
1022,6,0,2025-10-30T03:42:04.708830
1023,6,2,2025-10-30T16:42:04.708830
1024,8,2,2025-10-30T19:42:04.708830
1025,9,1,2025-10-31T20:42:04.708830
1026,9,2,2025-10-30T16:42:04.708830
1027,5,1,2025-11-03T22:42:04.708830
1028,4,1,2025-10-30T12:42:04.708830
1029,10,2,2025-10-31T08:42:04.708830
1030,10,5,2025-11-04T12:42:04.708830
1031,5,2,2025-10-31T10:42:04.708830
1032,7,4,2025-11-05T14:42:04.708830
1033,4,2,2025-11-04T07:42:04.708830
1034,9,2,2025-11-02T13:42:04.708830
1035,6,0,2025-11-01T15:42:04.708830
1036,4,0,2025-11-04T15:42:04.708830
1037,12,2,2025-11-01T19:42:04.708830
1038,10,5,2025-11-04T17:42:04.708830
1039,7,3,2025-11-03T15:42:04.708830
1040,2,2,2025-11-01T08:42:04.708830
1041,6,0,2025-11-01T20:42:04.708830
1042,10,1,2025-11-04T09:42:04.708830
1043,5,1,2025-10-30T22:42:04.708830
1044,6,5,2025-11-02T01:42:04.708830
1045,8,4,2025-11-02T15:42:04.708830
1046,7,2,2025-11-02T16:42:04.708830
1047,7,3,2025-10-31T11:42:04.708830
1048,5,1,2025-11-05T04:42:04.708830
1049,4,2,2025-10-31T18:42:04.708830
1050,8,2,2025-11-03T00:42:04.708830
1051,9,3,2025-11-04T10:42:04.708830
1052,4,5,2025-11-03T04:42:04.708830
1053,7,0,2025-11-03T07:42:04.708830
1054,5,0,2025-11-04T20:42:04.708830
1055,14,2,2025-11-01T19:42:04.708830
1056,5,2,2025-11-02T04:42:04.708830
1057,8,2,2025-10-31T16:42:04.708830
1058,12,3,2025-11-02T00:42:04.708830
1059,1,2,2025-11-03T10:42:04.708830
1060,3,3,2025-11-02T19:42:04.708830
1061,10,3,2025-11-03T04:42:04.708830
1062,6,1,2025-10-31T20:42:04.708830
1063,6,0,2025-10-31T07:42:04.708830
1064,7,4,2025-11-03T10:42:04.708830
1065,6,2,2025-11-04T03:42:04.708830
1066,6,0,2025-11-01T18:42:04.708830
1067,6,3,2025-11-04T06:42:04.708830
1068,6,0,2025-11-03T07:42:04.708830
1069,12,2,2025-10-30T15:42:04.708830
1070,5,2,2025-10-30T16:42:04.708830
1071,3,1,2025-11-05T09:42:04.708830
1072,3,3,2025-11-02T19:42:04.708830
1073,2,1,2025-11-03T09:42:04.708830
1074,10,3,2025-11-04T00:42:04.708830
1075,8,2,2025-11-05T10:42:04.708830
1076,4,2,2025-11-05T06:42:04.708830
1077,2,2,2025-11-02T19:42:04.708830
1078,5,2,2025-11-04T00:42:04.708830
1079,11,0,2025-10-31T04:42:04.708830
1080,7,0,2025-10-31T19:42:04.708830
1081,7,1,2025-11-01T15:42:04.708830
1082,11,1,2025-11-03T17:42:04.708830
1083,8,1,2025-11-01T19:42:04.708830
1084,3,2,2025-11-02T20:42:04.708830
1085,6,1,2025-11-01T04:42:04.708830
1086,12,4,2025-11-01T14:42:04.708830
1087,8,1,2025-11-02T19:42:04.708830
1088,11,1,2025-11-03T12:42:04.708830
1089,5,3,2025-10-30T22:42:04.708830
1090,3,4,2025-11-05T22:42:04.708830
1091,3,0,2025-11-02T13:42:04.708830
1092,9,1,2025-10-31T20:42:04.708830
1093,3,1,2025-11-02T18:42:04.708830
1094,13,4,2025-10-30T09:42:04.708830
1095,10,3,2025-10-30T09:42:04.708830
1096,5,3,2025-11-03T02:42:04.708830
1097,7,1,2025-11-02T09:42:04.708830
1098,7,1,2025-10-31T01:42:04.708830
1099,2,5,2025-10-30T07:42:04.708830
1100,2,5,2025-11-04T04:42:04.708830
1101,8,1,2025-11-04T01:42:04.708830
1102,10,0,2025-11-03T19:42:04.708830
1103,7,5,2025-11-03T15:42:04.708830
1104,4,2,2025-11-01T10:42:04.708830
1105,5,3,2025-11-03T09:42:04.708830
1106,9,1,2025-10-30T02:42:04.708830
1107,5,3,2025-11-05T05:42:04.708830
1108,4,4,2025-10-30T18:42:04.708830
1109,5,0,2025-11-05T16:42:04.708830
1110,3,2,2025-10-30T14:42:04.708830
1111,8,4,2025-11-03T20:42:04.708830
1112,5,2,2025-11-01T05:42:04.708830
1113,11,4,2025-11-06T01:42:04.708830
1114,7,1,2025-11-03T10:42:04.708830
1115,2,1,2025-11-06T00:42:04.708830
1116,9,1,2025-11-02T09:42:04.708830
1117,9,1,2025-11-05T23:42:04.708830
1118,5,1,2025-11-05T04:42:04.708830
1119,8,4,2025-11-05T15:42:04.708830
1120,6,0,2025-11-01T21:42:04.708830
1121,7,0,2025-11-05T07:42:04.708830
1122,11,2,2025-11-05T00:42:04.708830
1123,10,2,2025-11-04T04:42:04.708830
1124,9,3,2025-10-31T08:42:04.708830
1125,9,2,2025-10-30T13:42:04.708830
1126,13,2,2025-11-02T12:42:04.708830
1127,9,3,2025-11-05T01:42:04.708830
1128,11,3,2025-11-02T01:42:04.708830
1129,4,1,2025-10-30T23:42:04.708830
1130,5,2,2025-11-01T04:42:04.708830
1131,8,3,2025-10-31T12:42:04.708830
1132,9,1,2025-11-05T01:42:04.708830
1133,9,2,2025-11-01T11:42:04.708830
1134,5,3,2025-10-31T15:42:04.708830
1135,6,0,2025-11-01T16:42:04.708830
1136,7,2,2025-11-03T01:42:04.708830
1137,4,3,2025-11-01T02:42:04.708830
1138,4,3,2025-11-04T15:42:04.708830
1139,8,2,2025-11-05T14:42:04.708830
1140,5,2,2025-10-31T06:42:04.708830
1141,2,4,2025-11-05T06:42:04.708830
1142,14,1,2025-11-01T04:42:04.708830
1143,9,2,2025-11-04T17:42:04.708830
1144,7,3,2025-11-04T15:42:04.708830
1145,8,2,2025-11-04T07:42:04.708830
1146,9,1,2025-11-03T21:42:04.708830
1147,8,3,2025-11-05T02:42:04.708830
1148,9,1,2025-11-02T04:42:04.708830
1149,7,2,2025-11-02T01:42:04.708830
1150,7,0,2025-10-31T13:42:04.708830
1151,6,3,2025-11-01T01:42:04.708830
1152,5,1,2025-11-02T20:42:04.708830
1153,9,2,2025-11-04T17:42:04.708830
1154,4,2,2025-11-03T22:42:04.708830
1155,6,3,2025-11-04T14:42:04.708830
1156,10,3,2025-10-31T06:42:04.708830
1157,7,0,2025-11-04T20:42:04.708830
1158,7,5,2025-11-04T16:42:04.708830
1159,6,1,2025-10-31T12:42:04.708830
1160,10,1,2025-11-04T01:42:04.708830
1161,10,6,2025-11-04T23:42:04.708830
1162,5,3,2025-10-31T17:42:04.708830
1163,5,0,2025-11-03T06:42:04.708830
1164,9,1,2025-11-02T22:42:04.708830
1165,2,2,2025-11-02T17:42:04.708830
1166,7,5,2025-11-02T00:42:04.708830
1167,4,1,2025-10-31T00:42:04.708830
1168,7,3,2025-11-03T01:42:04.708830
1169,15,0,2025-11-04T13:42:04.708830
1170,6,4,2025-11-02T04:42:04.708830
1171,5,0,2025-10-31T16:42:04.708830
1172,9,0,2025-11-04T03:42:04.708830
1173,5,1,2025-11-04T17:42:04.708830
1174,5,2,2025-11-02T01:42:04.708830
1175,5,1,2025-11-02T18:42:04.708830
1176,3,8,2025-10-30T14:42:04.708830
1177,2,0,2025-11-01T02:42:04.708830
1178,2,1,2025-11-05T06:42:04.708830
1179,8,3,2025-11-06T01:42:04.708830
1180,3,1,2025-11-01T07:42:04.708830
1181,7,1,2025-11-05T05:42:04.708830
1182,9,1,2025-11-02T21:42:04.708830
1183,4,2,2025-11-04T04:42:04.708830
1184,6,2,2025-11-04T20:42:04.708830
1185,8,1,2025-11-01T02:42:04.708830
1186,2,4,2025-10-30T07:42:04.708830
1187,5,2,2025-11-04T19:42:04.708830
1188,4,2,2025-10-31T14:42:04.708830
1189,12,3,2025-10-30T03:42:04.708830
1190,7,1,2025-11-04T23:42:04.708830
1191,4,2,2025-11-02T05:42:04.708830
1192,5,2,2025-11-04T11:42:04.708830
1193,4,3,2025-11-05T10:42:04.708830
1194,5,1,2025-10-30T15:42:04.708830
1195,4,1,2025-11-03T01:42:04.708830
1196,6,0,2025-11-05T07:42:04.708830
1197,8,3,2025-10-31T04:42:04.708830
1198,7,2,2025-11-05T08:42:04.708830
1199,3,0,2025-10-31T14:42:04.708830
1200,3,1,2025-11-03T09:42:04.708830
1201,8,2,2025-11-01T05:42:04.708830
1202,5,2,2025-10-31T03:42:04.708830
1203,10,0,2025-11-01T13:42:04.708830
1204,8,2,2025-11-04T13:42:04.708830
1205,2,1,2025-11-04T22:42:04.708830
1206,11,4,2025-10-31T15:42:04.708830
1207,10,2,2025-11-05T18:42:04.708830
1208,8,1,2025-11-03T20:42:04.708830
1209,4,4,2025-11-02T06:42:04.708830
1210,6,3,2025-11-03T22:42:04.708830
1211,4,2,2025-11-05T13:42:04.708830
1212,3,2,2025-11-01T16:42:04.708830
1213,7,2,2025-10-31T06:42:04.708830
1214,7,1,2025-11-04T05:42:04.708830
1215,9,1,2025-11-02T03:42:04.708830
1216,8,1,2025-10-31T23:42:04.708830
1217,4,1,2025-11-02T10:42:04.708830
1218,4,5,2025-11-03T16:42:04.708830
1219,9,2,2025-11-03T20:42:04.708830
1220,10,2,2025-11-01T10:42:04.708830
1221,6,1,2025-11-02T10:42:04.708830
1222,9,0,2025-10-31T06:42:04.708830
1223,5,2,2025-10-31T09:42:04.708830
1224,6,2,2025-10-31T00:42:04.708830
1225,7,0,2025-10-30T01:42:04.708830
1226,7,3,2025-11-02T00:42:04.708830
1227,9,0,2025-10-30T01:42:04.708830
1228,2,0,2025-11-01T16:42:04.708830
1229,8,3,2025-11-04T11:42:04.708830
1230,7,1,2025-11-04T21:42:04.708830
1231,7,2,2025-10-30T17:42:04.708830
1232,5,3,2025-11-05T18:42:04.708830
1233,8,2,2025-11-05T03:42:04.708830
1234,10,4,2025-11-04T18:42:04.708830
1235,15,6,2025-11-03T08:42:04.708830
1236,6,3,2025-11-04T08:42:04.708830
1237,7,1,2025-10-31T21:42:04.708830
1238,6,1,2025-11-02T22:42:04.708830
1239,12,4,2025-11-01T01:42:04.708830
1240,9,2,2025-10-30T12:42:04.708830
1241,5,3,2025-10-30T12:42:04.708830
1242,6,1,2025-10-30T12:42:04.708830
1243,8,2,2025-11-01T10:42:04.708830
1244,3,1,2025-11-03T14:42:04.708830
1245,7,3,2025-10-31T21:42:04.708830
1246,10,5,2025-11-01T20:42:04.708830
1247,6,5,2025-11-06T01:42:04.708830
1248,6,2,2025-10-30T01:42:04.708830
1249,6,3,2025-11-04T04:42:04.708830
1250,7,5,2025-11-03T00:42:04.708830
1251,6,2,2025-10-31T00:42:04.708830
1252,7,1,2025-11-03T19:42:04.708830
1253,11,2,2025-10-30T01:42:04.708830
1254,2,4,2025-11-04T16:42:04.708830
1255,8,1,2025-10-31T07:42:04.708830
1256,8,1,2025-11-04T12:42:04.708830
1257,6,3,2025-10-31T13:42:04.708830
1258,6,4,2025-10-30T10:42:04.708830
1259,13,3,2025-10-30T10:42:04.708830
1260,9,5,2025-11-05T10:42:04.708830
1261,9,1,2025-10-31T06:42:04.708830
1262,10,1,2025-11-02T11:42:04.708830
1263,4,2,2025-10-31T20:42:04.708830
1264,6,1,2025-11-03T09:42:04.708830
1265,9,3,2025-11-03T02:42:04.708830
1266,8,4,2025-11-03T21:42:04.708830
1267,6,3,2025-11-05T17:42:04.708830
1268,5,3,2025-11-03T00:42:04.708830
1269,3,1,2025-10-30T22:42:04.708830
1270,4,2,2025-11-05T03:42:04.708830
1271,5,1,2025-11-02T05:42:04.708830
1272,6,1,2025-11-02T00:42:04.708830
1273,5,4,2025-11-05T10:42:04.708830
1274,4,3,2025-10-31T14:42:04.708830
1275,8,2,2025-11-01T09:42:04.708830
1276,9,1,2025-11-04T04:42:04.708830
1277,3,5,2025-11-02T12:42:04.708830
1278,6,0,2025-10-31T21:42:04.708830
1279,7,1,2025-11-02T03:42:04.708830
1280,2,2,2025-11-02T06:42:04.708830
1281,5,2,2025-11-05T18:42:04.708830
1282,9,1,2025-11-03T06:42:04.708830
1283,6,0,2025-11-03T09:42:04.708830
1284,4,0,2025-11-05T04:42:04.708830
1285,12,3,2025-10-30T04:42:04.708830
1286,5,1,2025-11-05T15:42:04.708830
1287,6,3,2025-11-03T05:42:04.708830
1288,1,1,2025-11-02T10:42:04.708830
1289,5,3,2025-11-04T05:42:04.708830
1290,6,4,2025-11-02T20:42:04.708830
1291,5,4,2025-11-04T12:42:04.708830
1292,9,0,2025-11-01T04:42:04.708830
1293,7,4,2025-10-31T11:42:04.708830
1294,8,4,2025-11-02T22:42:04.708830
1295,6,1,2025-10-31T03:42:04.708830
1296,7,1,2025-11-04T19:42:04.708830
1297,6,0,2025-10-31T01:42:04.708830
1298,11,5,2025-11-04T07:42:04.708830
1299,8,1,2025-10-31T14:42:04.708830
1300,4,1,2025-11-02T03:42:04.708830
1301,3,1,2025-10-30T03:42:04.708830
1302,8,4,2025-11-02T07:42:04.708830
1303,4,0,2025-11-03T01:42:04.708830
1304,8,4,2025-11-02T12:42:04.708830
1305,11,2,2025-11-03T15:42:04.708830
1306,7,3,2025-11-03T07:42:04.708830
1307,5,2,2025-10-30T12:42:04.708830
1308,4,4,2025-10-30T22:42:04.708830
1309,8,1,2025-11-01T07:42:04.708830
1310,3,1,2025-11-04T04:42:04.708830
1311,10,0,2025-10-31T01:42:04.708830
1312,4,1,2025-11-04T14:42:04.708830
1313,6,3,2025-10-31T22:42:04.708830
1314,5,2,2025-11-01T08:42:04.708830
1315,5,2,2025-10-30T19:42:04.708830
1316,5,2,2025-10-30T13:42:04.708830
1317,4,1,2025-11-02T05:42:04.708830
1318,6,2,2025-11-03T00:42:04.708830
1319,5,1,2025-11-04T14:42:04.708830
1320,6,1,2025-11-05T17:42:04.708830
1321,7,1,2025-11-04T13:42:04.708830
1322,7,2,2025-11-02T03:42:04.708830
1323,3,1,2025-10-31T00:42:04.708830
1324,5,0,2025-11-03T06:42:04.708830
1325,11,2,2025-10-30T13:42:04.708830
1326,8,4,2025-11-02T08:42:04.708830
1327,4,2,2025-11-02T06:42:04.708830
1328,7,2,2025-11-01T02:42:04.708830
1329,4,1,2025-11-04T08:42:04.708830
1330,9,2,2025-11-03T10:42:04.708830
1331,6,3,2025-11-04T09:42:04.708830
1332,10,0,2025-11-02T14:42:04.708830
1333,8,1,2025-11-02T06:42:04.708830
1334,8,5,2025-11-06T01:42:04.708830
1335,7,1,2025-10-30T02:42:04.708830
1336,5,3,2025-10-30T22:42:04.708830
1337,7,1,2025-11-01T02:42:04.708830
1338,4,2,2025-11-02T11:42:04.708830
1339,4,2,2025-11-03T20:42:04.708830
1340,2,1,2025-11-04T10:42:04.708830
1341,9,2,2025-11-02T19:42:04.708830
1342,6,3,2025-11-04T07:42:04.708830
1343,7,6,2025-11-02T22:42:04.708830
1344,7,0,2025-10-30T09:42:04.708830
1345,1,0,2025-10-31T00:42:04.708830
1346,5,3,2025-11-02T22:42:04.708830
1347,9,2,2025-11-04T13:42:04.708830
1348,4,2,2025-11-06T01:42:04.708830
1349,12,1,2025-10-30T06:42:04.708830
1350,4,0,2025-10-30T15:42:04.708830
1351,6,2,2025-11-01T14:42:04.708830
1352,11,1,2025-11-04T08:42:04.708830
1353,4,1,2025-11-02T14:42:04.708830
1354,4,0,2025-11-01T02:42:04.708830
1355,6,1,2025-10-31T18:42:04.708830
1356,11,3,2025-10-30T08:42:04.708830
1357,4,3,2025-11-03T10:42:04.708830
1358,7,1,2025-11-02T12:42:04.708830
1359,7,2,2025-11-04T08:42:04.708830
1360,6,1,2025-11-03T09:42:04.708830
1361,9,2,2025-11-05T05:42:04.708830
1362,6,1,2025-11-03T20:42:04.708830
1363,6,2,2025-10-30T02:42:04.708830
1364,7,3,2025-10-30T07:42:04.708830
1365,11,1,2025-11-05T03:42:04.708830
1366,4,2,2025-11-02T04:42:04.708830
1367,5,2,2025-10-30T20:42:04.708830
1368,6,3,2025-10-31T03:42:04.708830
1369,5,1,2025-11-01T19:42:04.708830
1370,3,2,2025-11-02T01:42:04.708830
1371,5,2,2025-11-01T15:42:04.708830
1372,4,3,2025-11-01T09:42:04.708830
1373,8,2,2025-11-03T09:42:04.708830
1374,7,1,2025-11-01T10:42:04.708830
1375,10,4,2025-10-30T11:42:04.708830
1376,12,3,2025-11-05T08:42:04.708830
1377,10,3,2025-10-31T00:42:04.708830
1378,3,2,2025-11-01T14:42:04.708830
1379,9,1,2025-11-01T20:42:04.708830
1380,4,2,2025-11-03T23:42:04.708830
1381,8,4,2025-10-30T01:42:04.708830
1382,8,0,2025-10-31T18:42:04.708830
1383,7,1,2025-11-03T16:42:04.708830
1384,10,3,2025-11-04T15:42:04.708830
1385,12,2,2025-10-31T15:42:04.708830
1386,7,1,2025-10-31T15:42:04.708830
1387,3,0,2025-10-31T16:42:04.708830
1388,9,4,2025-11-01T20:42:04.708830
1389,7,0,2025-11-04T10:42:04.708830
1390,4,1,2025-11-02T07:42:04.708830
1391,7,2,2025-10-31T17:42:04.708830
1392,1,3,2025-11-02T19:42:04.708830
1393,6,1,2025-11-04T16:42:04.708830
1394,12,1,2025-11-06T00:42:04.708830
1395,4,3,2025-11-04T04:42:04.708830
1396,8,2,2025-11-04T01:42:04.708830
1397,6,2,2025-11-03T08:42:04.708830
1398,8,2,2025-11-04T17:42:04.708830
1399,12,3,2025-11-02T18:42:04.708830
1400,5,0,2025-11-02T18:42:04.708830
1401,9,2,2025-11-04T14:42:04.708830
1402,9,2,2025-11-04T08:42:04.708830
1403,8,4,2025-10-30T22:42:04.708830
1404,5,1,2025-10-30T15:42:04.708830
1405,12,3,2025-11-05T00:42:04.708830
1406,10,2,2025-11-01T05:42:04.708830
1407,4,3,2025-11-04T17:42:04.708830
1408,11,4,2025-11-02T23:42:04.708830
1409,10,2,2025-11-03T00:42:04.708830
1410,7,1,2025-11-05T19:42:04.708830
1411,5,0,2025-11-05T08:42:04.708830
1412,8,0,2025-11-03T05:42:04.708830
1413,10,3,2025-10-31T18:42:04.708830
1414,8,3,2025-11-04T11:42:04.708830
1415,6,1,2025-10-30T04:42:04.708830
1416,11,3,2025-11-04T13:42:04.708830
1417,5,0,2025-11-04T15:42:04.708830
1418,9,1,2025-11-04T04:42:04.708830
1419,10,0,2025-11-02T21:42:04.708830
1420,9,2,2025-10-30T22:42:04.708830
1421,5,1,2025-11-03T17:42:04.708830
1422,10,1,2025-10-30T08:42:04.708830
1423,8,1,2025-11-05T22:42:04.708830
1424,6,2,2025-11-02T18:42:04.708830
1425,11,0,2025-11-02T16:42:04.708830
1426,2,5,2025-10-30T17:42:04.708830
1427,9,1,2025-10-31T05:42:04.708830
1428,3,4,2025-11-05T00:42:04.708830
1429,9,2,2025-10-31T08:42:04.708830
1430,9,4,2025-11-05T01:42:04.708830
1431,4,2,2025-11-02T03:42:04.708830
1432,6,2,2025-11-05T10:42:04.708830
1433,4,2,2025-11-02T22:42:04.708830
1434,4,1,2025-10-30T02:42:04.708830
1435,3,1,2025-10-30T18:42:04.708830
1436,5,1,2025-11-01T00:42:04.708830
1437,9,4,2025-10-30T01:42:04.708830
1438,11,0,2025-10-31T09:42:04.708830
1439,8,2,2025-11-05T01:42:04.708830
1440,5,1,2025-11-03T11:42:04.708830
1441,7,4,2025-11-03T05:42:04.708830
1442,8,3,2025-11-01T23:42:04.708830
1443,9,0,2025-10-30T02:42:04.708830
1444,5,2,2025-11-05T07:42:04.708830
1445,3,0,2025-10-31T06:42:04.708830
1446,6,1,2025-11-02T12:42:04.708830
1447,15,0,2025-10-31T22:42:04.708830
1448,7,1,2025-11-04T13:42:04.708830
1449,7,5,2025-11-03T01:42:04.708830
1450,6,2,2025-10-31T12:42:04.708830
1451,7,1,2025-11-01T09:42:04.708830
1452,5,0,2025-11-04T05:42:04.708830
1453,5,2,2025-11-03T17:42:04.708830
1454,7,1,2025-10-30T10:42:04.708830
1455,7,1,2025-10-31T02:42:04.708830
1456,9,3,2025-11-02T17:42:04.708830
1457,7,1,2025-11-01T03:42:04.708830
1458,8,2,2025-10-30T07:42:04.708830
1459,7,1,2025-10-30T16:42:04.708830
1460,6,0,2025-11-03T02:42:04.708830
1461,9,1,2025-11-04T06:42:04.708830
1462,10,1,2025-11-05T18:42:04.708830
1463,6,0,2025-11-05T02:42:04.708830
1464,4,3,2025-11-01T17:42:04.708830
1465,3,6,2025-11-03T12:42:04.708830
1466,4,1,2025-11-04T20:42:04.708830
1467,8,3,2025-11-02T05:42:04.708830
1468,6,1,2025-10-30T19:42:04.708830
1469,8,1,2025-10-30T22:42:04.708830
1470,5,1,2025-11-05T00:42:04.708830
1471,7,2,2025-11-05T16:42:04.708830
1472,6,2,2025-11-05T16:42:04.708830
1473,9,1,2025-11-01T16:42:04.708830
1474,8,4,2025-11-02T06:42:04.708830
1475,6,4,2025-11-03T17:42:04.708830
1476,8,1,2025-10-31T08:42:04.708830
1477,10,2,2025-11-05T03:42:04.708830
1478,11,2,2025-11-01T20:42:04.708830
1479,5,3,2025-11-01T03:42:04.708830
1480,6,3,2025-11-02T03:42:04.708830
1481,6,1,2025-11-04T08:42:04.708830
1482,5,5,2025-10-31T06:42:04.708830
1483,9,2,2025-10-30T11:42:04.708830
1484,7,5,2025-10-31T19:42:04.708830
1485,6,2,2025-10-31T23:42:04.708830
1486,1,1,2025-11-01T01:42:04.708830
1487,11,0,2025-10-31T15:42:04.708830
1488,8,2,2025-10-30T11:42:04.708830
1489,4,3,2025-11-03T00:42:04.708830
1490,8,0,2025-11-02T07:42:04.708830
1491,4,1,2025-11-05T01:42:04.708830
1492,7,1,2025-11-05T22:42:04.708830
1493,6,2,2025-11-05T10:42:04.708830
1494,7,2,2025-11-01T05:42:04.708830
1495,11,2,2025-11-02T23:42:04.708830
1496,5,2,2025-11-01T07:42:04.708830
1497,2,1,2025-11-05T01:42:04.708830
1498,6,1,2025-11-01T22:42:04.708830
1499,7,3,2025-11-03T05:42:04.708830
1500,8,2,2025-11-01T08:42:04.708830
1501,7,1,2025-10-30T04:42:04.708830
1502,5,2,2025-11-05T22:42:04.708830
1503,9,4,2025-11-04T00:42:04.708830
1504,7,2,2025-11-03T01:42:04.708830
1505,2,0,2025-11-05T09:42:04.708830
1506,9,4,2025-11-03T00:42:04.708830
1507,8,2,2025-11-04T17:42:04.708830
1508,4,3,2025-11-02T19:42:04.708830
1509,6,1,2025-11-01T04:42:04.708830
1510,7,1,2025-10-30T23:42:04.708830
1511,4,3,2025-10-31T01:42:04.708830
1512,6,1,2025-11-03T18:42:04.708830
1513,7,4,2025-10-30T15:42:04.708830
1514,11,4,2025-11-02T06:42:04.708830
1515,6,3,2025-11-01T15:42:04.708830
1516,7,0,2025-11-04T18:42:04.708830
1517,1,4,2025-10-30T22:42:04.708830
1518,7,0,2025-11-01T20:42:04.708830
1519,6,3,2025-11-01T00:42:04.708830
1520,7,2,2025-10-31T21:42:04.708830
1521,5,1,2025-11-02T13:42:04.708830
1522,7,0,2025-11-02T07:42:04.708830
1523,9,1,2025-10-30T13:42:04.708830
1524,1,4,2025-11-03T09:42:04.708830
1525,11,1,2025-10-30T19:42:04.708830
1526,7,3,2025-11-02T13:42:04.708830
1527,6,1,2025-10-31T06:42:04.708830
1528,8,4,2025-11-03T21:42:04.708830
1529,6,1,2025-11-03T17:42:04.708830
1530,6,1,2025-10-30T23:42:04.708830
1531,9,2,2025-11-05T21:42:04.708830
1532,7,2,2025-10-30T13:42:04.708830
1533,5,2,2025-11-05T01:42:04.708830
1534,3,2,2025-11-03T05:42:04.708830
1535,4,1,2025-11-03T17:42:04.708830
1536,5,3,2025-11-03T14:42:04.708830
1537,7,1,2025-11-05T01:42:04.708830
1538,3,3,2025-10-31T09:42:04.708830
1539,6,0,2025-11-01T03:42:04.708830
1540,6,0,2025-11-02T11:42:04.708830
1541,11,3,2025-11-03T22:42:04.708830
1542,5,0,2025-11-02T13:42:04.708830
1543,6,2,2025-11-01T01:42:04.708830
1544,4,4,2025-11-05T23:42:04.708830
1545,8,3,2025-11-04T07:42:04.708830
1546,7,3,2025-11-04T09:42:04.708830
1547,5,3,2025-11-01T16:42:04.708830
1548,11,2,2025-11-01T09:42:04.708830
1549,8,1,2025-10-31T17:42:04.708830
1550,8,5,2025-11-04T02:42:04.708830
1551,8,0,2025-11-03T01:42:04.708830
1552,11,2,2025-11-03T07:42:04.708830
1553,9,0,2025-11-04T01:42:04.708830
1554,5,1,2025-11-02T21:42:04.708830
1555,6,1,2025-11-01T07:42:04.708830
1556,5,1,2025-11-05T21:42:04.708830
1557,2,1,2025-11-01T13:42:04.708830
1558,4,1,2025-11-01T09:42:04.708830
1559,8,3,2025-11-03T09:42:04.708830
1560,1,1,2025-11-01T00:42:04.708830
1561,7,2,2025-11-04T21:42:04.708830
1562,10,4,2025-11-01T10:42:04.708830
1563,4,2,2025-10-30T13:42:04.708830
1564,7,2,2025-11-02T10:42:04.708830
1565,3,1,2025-11-01T11:42:04.708830
1566,4,2,2025-10-30T03:42:04.708830
1567,6,1,2025-10-31T04:42:04.708830
1568,6,3,2025-11-01T14:42:04.708830
1569,7,0,2025-11-05T12:42:04.708830
1570,7,2,2025-11-05T01:42:04.708830
1571,5,0,2025-10-31T19:42:04.708830
1572,9,2,2025-11-01T03:42:04.708830
1573,6,2,2025-10-31T06:42:04.708830
1574,5,1,2025-11-02T10:42:04.708830
1575,7,1,2025-11-06T01:42:04.708830
1576,8,1,2025-10-31T21:42:04.708830
1577,10,3,2025-10-31T18:42:04.708830
1578,6,2,2025-11-03T07:42:04.708830
1579,6,2,2025-11-04T16:42:04.708830
1580,3,0,2025-11-04T18:42:04.708830
1581,4,0,2025-11-02T13:42:04.708830
1582,11,2,2025-11-01T11:42:04.708830
1583,3,1,2025-11-01T08:42:04.708830
1584,11,2,2025-11-03T11:42:04.708830
1585,10,3,2025-10-30T11:42:04.708830
1586,12,0,2025-10-31T05:42:04.708830
1587,8,0,2025-11-02T02:42:04.708830
1588,7,3,2025-11-04T11:42:04.708830
1589,3,0,2025-11-01T11:42:04.708830
1590,8,3,2025-11-05T22:42:04.708830
1591,9,1,2025-10-31T08:42:04.708830
1592,6,1,2025-11-04T07:42:04.708830
1593,6,0,2025-11-03T21:42:04.708830
1594,7,1,2025-11-05T19:42:04.708830
1595,9,1,2025-11-05T12:42:04.708830
1596,5,1,2025-11-01T01:42:04.708830
1597,6,2,2025-11-02T20:42:04.708830
1598,9,1,2025-11-01T23:42:04.708830
1599,1,1,2025-11-04T17:42:04.708830
1600,4,1,2025-10-30T15:42:04.708830
1601,6,1,2025-11-04T06:42:04.708830
1602,10,2,2025-11-02T00:42:04.708830
1603,9,1,2025-11-03T06:42:04.708830
1604,5,2,2025-11-05T23:42:04.708830
1605,9,3,2025-11-01T20:42:04.708830
1606,5,2,2025-11-04T22:42:04.708830
1607,6,1,2025-11-02T19:42:04.708830
1608,8,0,2025-11-04T16:42:04.708830
1609,8,2,2025-11-03T07:42:04.708830
1610,9,1,2025-11-04T11:42:04.708830
1611,13,2,2025-11-04T20:42:04.708830
1612,6,2,2025-11-03T07:42:04.708830
1613,7,5,2025-11-01T18:42:04.708830
1614,11,3,2025-11-01T16:42:04.708830
1615,7,0,2025-11-02T07:42:04.708830
1616,3,3,2025-11-05T00:42:04.708830
1617,8,0,2025-10-31T06:42:04.708830
1618,2,2,2025-10-31T05:42:04.708830
1619,8,0,2025-11-04T12:42:04.708830
1620,8,0,2025-11-04T14:42:04.708830
1621,6,1,2025-11-04T07:42:04.708830
1622,5,2,2025-11-04T05:42:04.708830
1623,13,1,2025-11-01T13:42:04.708830
1624,9,0,2025-11-05T07:42:04.708830
1625,6,2,2025-11-02T06:42:04.708830
1626,3,1,2025-10-30T06:42:04.708830
1627,5,1,2025-11-01T05:42:04.708830
1628,4,0,2025-11-01T13:42:04.708830
1629,7,4,2025-10-30T19:42:04.708830
1630,10,0,2025-11-01T18:42:04.708830
1631,8,2,2025-11-05T19:42:04.708830
1632,9,1,2025-11-03T00:42:04.708830
1633,10,2,2025-10-30T18:42:04.708830
1634,6,1,2025-10-30T09:42:04.708830
1635,6,2,2025-11-02T06:42:04.708830
1636,5,3,2025-11-04T17:42:04.708830
1637,3,0,2025-11-04T10:42:04.708830
1638,2,2,2025-11-02T10:42:04.708830
1639,5,0,2025-11-03T07:42:04.708830
1640,4,2,2025-11-04T23:42:04.708830
1641,10,2,2025-11-01T03:42:04.708830
1642,11,4,2025-10-30T08:42:04.708830
1643,6,2,2025-11-05T18:42:04.708830
1644,5,2,2025-10-30T19:42:04.708830
1645,7,3,2025-11-02T22:42:04.708830
1646,8,0,2025-11-05T22:42:04.708830
1647,9,3,2025-10-31T02:42:04.708830
1648,3,2,2025-11-03T07:42:04.708830
1649,5,1,2025-11-03T23:42:04.708830
1650,8,1,2025-11-04T13:42:04.708830
1651,6,3,2025-11-03T11:42:04.708830
1652,5,3,2025-10-31T23:42:04.708830
1653,5,1,2025-11-02T16:42:04.708830
1654,10,2,2025-11-04T02:42:04.708830
1655,7,1,2025-10-30T09:42:04.708830
1656,7,0,2025-11-03T10:42:04.708830
1657,6,1,2025-11-05T07:42:04.708830
1658,4,4,2025-10-30T14:42:04.708830
1659,7,3,2025-11-02T10:42:04.708830
1660,11,1,2025-11-03T23:42:04.708830
1661,3,5,2025-11-04T22:42:04.708830
1662,6,0,2025-10-30T11:42:04.708830
1663,4,3,2025-11-04T05:42:04.708830
1664,3,3,2025-11-05T00:42:04.708830
1665,2,3,2025-11-05T16:42:04.708830
1666,8,3,2025-11-01T14:42:04.708830
1667,11,1,2025-10-31T02:42:04.708830
1668,9,4,2025-11-02T18:42:04.708830
1669,8,2,2025-11-04T02:42:04.708830
1670,5,2,2025-11-01T12:42:04.708830
1671,4,1,2025-11-02T11:42:04.708830
1672,10,0,2025-10-31T17:42:04.708830
1673,5,6,2025-11-05T06:42:04.708830
1674,10,0,2025-11-01T06:42:04.708830
1675,3,4,2025-11-04T19:42:04.708830
1676,3,2,2025-10-30T05:42:04.708830
1677,4,1,2025-10-30T18:42:04.708830
1678,6,2,2025-10-31T23:42:04.708830
1679,4,5,2025-11-01T06:42:04.708830
1680,8,1,2025-10-30T16:42:04.708830
1681,9,0,2025-10-31T07:42:04.708830
1682,7,3,2025-11-05T15:42:04.708830
1683,11,1,2025-11-02T04:42:04.708830
1684,11,1,2025-11-03T19:42:04.708830
1685,10,2,2025-11-05T14:42:04.708830
1686,12,0,2025-11-03T07:42:04.708830
1687,2,3,2025-11-03T14:42:04.708830
1688,9,1,2025-11-05T19:42:04.708830
1689,4,2,2025-11-05T19:42:04.708830
1690,5,2,2025-11-03T05:42:04.708830
1691,5,0,2025-11-04T23:42:04.708830
1692,8,2,2025-11-04T22:42:04.708830
1693,10,3,2025-10-31T00:42:04.708830
1694,2,0,2025-10-30T07:42:04.708830
1695,8,1,2025-11-02T14:42:04.708830
1696,13,1,2025-11-01T10:42:04.708830
1697,9,1,2025-10-30T14:42:04.708830
1698,4,2,2025-11-02T10:42:04.708830
1699,6,1,2025-10-31T10:42:04.708830
1700,7,2,2025-11-05T19:42:04.708830
1701,5,1,2025-11-01T19:42:04.708830
1702,6,2,2025-11-02T15:42:04.708830
1703,8,4,2025-11-04T11:42:04.708830
1704,6,4,2025-11-01T15:42:04.708830
1705,3,2,2025-11-01T07:42:04.708830
1706,9,4,2025-11-03T04:42:04.708830
1707,6,1,2025-10-31T00:42:04.708830
1708,6,0,2025-10-31T20:42:04.708830
1709,9,1,2025-11-02T00:42:04.708830
1710,7,3,2025-11-05T13:42:04.708830
1711,8,2,2025-11-03T21:42:04.708830
1712,4,2,2025-11-02T19:42:04.708830
1713,10,2,2025-11-04T19:42:04.708830
1714,6,0,2025-11-02T01:42:04.708830
1715,9,3,2025-11-01T11:42:04.708830
1716,8,2,2025-11-01T06:42:04.708830
1717,8,1,2025-11-04T16:42:04.708830
1718,9,2,2025-11-05T17:42:04.708830
1719,7,3,2025-11-05T06:42:04.708830
1720,11,2,2025-11-01T01:42:04.708830
1721,6,2,2025-11-05T20:42:04.708830
1722,2,3,2025-10-31T23:42:04.708830
1723,3,3,2025-11-01T17:42:04.708830
1724,10,2,2025-11-05T17:42:04.708830
1725,6,0,2025-11-04T19:42:04.708830
1726,3,2,2025-11-01T08:42:04.708830
1727,4,2,2025-11-04T17:42:04.708830
1728,6,0,2025-11-03T02:42:04.708830
1729,5,1,2025-11-05T04:42:04.708830
1730,1,1,2025-11-05T15:42:04.708830
1731,7,1,2025-11-04T07:42:04.708830
1732,4,4,2025-10-31T15:42:04.708830
1733,4,1,2025-11-02T09:42:04.708830
1734,5,2,2025-11-01T16:42:04.708830
1735,7,0,2025-11-03T21:42:04.708830
1736,4,1,2025-11-05T13:42:04.708830
1737,5,1,2025-11-01T09:42:04.708830
1738,9,1,2025-11-05T00:42:04.708830
1739,9,2,2025-11-03T14:42:04.708830
1740,8,1,2025-11-03T08:42:04.708830
1741,5,2,2025-11-01T17:42:04.708830
1742,4,1,2025-10-31T08:42:04.708830
1743,7,1,2025-11-04T04:42:04.708830
1744,7,2,2025-11-02T12:42:04.708830
1745,8,2,2025-10-31T13:42:04.708830
1746,2,2,2025-11-05T11:42:04.708830
1747,7,1,2025-10-30T05:42:04.708830
1748,7,2,2025-11-04T20:42:04.708830
1749,8,3,2025-10-30T17:42:04.708830
1750,5,5,2025-10-30T06:42:04.708830
1751,4,3,2025-11-02T18:42:04.708830
1752,9,0,2025-11-05T06:42:04.708830
1753,6,3,2025-11-01T15:42:04.708830
1754,9,3,2025-11-01T23:42:04.708830
1755,3,1,2025-11-01T06:42:04.708830
1756,11,1,2025-10-31T22:42:04.708830
1757,3,1,2025-11-04T05:42:04.708830
1758,6,2,2025-11-05T15:42:04.708830
1759,7,2,2025-11-02T02:42:04.708830
1760,7,3,2025-10-30T08:42:04.708830
1761,6,4,2025-10-30T18:42:04.708830
1762,3,1,2025-11-04T00:42:04.708830
1763,3,3,2025-10-31T13:42:04.708830
1764,6,0,2025-11-05T19:42:04.708830
1765,7,2,2025-11-04T16:42:04.708830
1766,7,3,2025-11-05T17:42:04.708830
1767,2,0,2025-10-31T23:42:04.708830
1768,7,3,2025-11-01T23:42:04.708830
1769,9,2,2025-11-05T02:42:04.708830
1770,3,3,2025-11-02T17:42:04.708830
1771,4,2,2025-11-02T01:42:04.708830
1772,9,1,2025-11-05T00:42:04.708830
1773,3,1,2025-11-05T04:42:04.708830
1774,7,1,2025-11-01T00:42:04.708830
1775,5,3,2025-11-02T00:42:04.708830
1776,10,1,2025-11-02T09:42:04.708830
1777,7,4,2025-11-03T08:42:04.708830
1778,5,1,2025-11-01T11:42:04.708830
1779,4,1,2025-11-03T20:42:04.708830
1780,7,3,2025-11-05T22:42:04.708830
1781,7,0,2025-11-03T05:42:04.708830
1782,5,5,2025-11-02T21:42:04.708830
1783,5,3,2025-10-31T17:42:04.708830
1784,6,1,2025-10-30T05:42:04.708830
1785,6,3,2025-11-04T01:42:04.708830
1786,10,1,2025-10-31T03:42:04.708830
1787,6,3,2025-11-03T03:42:04.708830
1788,7,4,2025-10-31T18:42:04.708830
1789,13,2,2025-11-05T19:42:04.708830
1790,3,8,2025-11-05T08:42:04.708830
1791,3,0,2025-11-04T22:42:04.708830
1792,9,2,2025-11-02T10:42:04.708830
1793,6,1,2025-11-03T07:42:04.708830
1794,6,1,2025-10-31T12:42:04.708830
1795,5,2,2025-10-30T19:42:04.708830
1796,5,3,2025-11-05T20:42:04.708830
1797,6,3,2025-10-30T06:42:04.708830
1798,5,3,2025-10-30T09:42:04.708830
1799,7,1,2025-10-31T09:42:04.708830
1800,5,2,2025-10-30T06:42:04.708830
1801,7,0,2025-10-31T04:42:04.708830
1802,5,4,2025-11-05T00:42:04.708830
1803,6,4,2025-11-02T12:42:04.708830
1804,3,4,2025-11-02T12:42:04.708830
1805,2,2,2025-11-01T07:42:04.708830
1806,2,4,2025-10-31T05:42:04.708830
1807,7,4,2025-11-05T10:42:04.708830
1808,5,5,2025-11-05T10:42:04.708830
1809,5,2,2025-11-04T01:42:04.708830
1810,6,2,2025-11-04T00:42:04.708830
1811,3,1,2025-11-02T19:42:04.708830
1812,6,2,2025-11-04T11:42:04.708830
1813,7,5,2025-10-31T11:42:04.708830
1814,5,2,2025-11-05T18:42:04.708830
1815,5,2,2025-11-02T21:42:04.708830
1816,7,4,2025-11-01T11:42:04.708830
1817,9,1,2025-11-02T02:42:04.708830
1818,6,3,2025-10-31T03:42:04.708830
1819,10,1,2025-11-02T00:42:04.708830
1820,7,4,2025-11-03T05:42:04.708830
1821,2,3,2025-11-05T20:42:04.708830
1822,7,4,2025-10-30T15:42:04.708830
1823,5,1,2025-11-03T07:42:04.708830
1824,5,1,2025-11-05T10:42:04.708830
1825,10,1,2025-11-02T17:42:04.708830
1826,5,3,2025-11-04T06:42:04.708830
1827,7,3,2025-11-04T02:42:04.708830
1828,6,0,2025-11-04T12:42:04.708830
1829,9,2,2025-11-02T23:42:04.708830
1830,7,2,2025-11-01T20:42:04.708830
1831,6,2,2025-11-04T03:42:04.708830
1832,7,2,2025-10-31T09:42:04.708830
1833,12,2,2025-10-31T13:42:04.708830
1834,5,2,2025-11-01T14:42:04.708830
1835,6,1,2025-11-04T14:42:04.708830
1836,5,1,2025-11-02T14:42:04.708830
1837,4,1,2025-11-04T04:42:04.708830
1838,11,1,2025-11-01T20:42:04.708830
1839,6,1,2025-11-01T00:42:04.708830
1840,6,1,2025-11-02T09:42:04.708830
1841,6,0,2025-11-03T21:42:04.708830
1842,6,1,2025-11-02T18:42:04.708830
1843,6,3,2025-10-30T07:42:04.708830
1844,3,3,2025-10-30T01:42:04.708830
1845,5,2,2025-10-30T12:42:04.708830
1846,6,4,2025-11-05T11:42:04.708830
1847,12,4,2025-10-31T17:42:04.708830
1848,11,2,2025-11-01T21:42:04.708830
1849,8,2,2025-11-05T17:42:04.708830
1850,4,1,2025-11-05T07:42:04.708830
1851,4,2,2025-11-03T10:42:04.708830
1852,5,1,2025-10-31T21:42:04.708830
1853,3,4,2025-11-02T21:42:04.708830
1854,2,4,2025-11-04T07:42:04.708830
1855,4,1,2025-10-31T02:42:04.708830
1856,7,2,2025-11-01T08:42:04.708830
1857,3,3,2025-11-05T12:42:04.708830
1858,7,3,2025-11-05T02:42:04.708830
1859,4,2,2025-11-05T02:42:04.708830
1860,7,3,2025-10-31T11:42:04.708830
1861,8,3,2025-10-30T10:42:04.708830
1862,7,0,2025-10-30T21:42:04.708830
1863,6,2,2025-11-01T06:42:04.708830
1864,8,1,2025-11-04T22:42:04.708830
1865,5,0,2025-10-31T01:42:04.708830
1866,7,0,2025-11-05T19:42:04.708830
1867,2,1,2025-11-01T09:42:04.708830
1868,5,2,2025-11-05T01:42:04.708830
1869,5,2,2025-10-30T21:42:04.708830
1870,5,1,2025-11-01T10:42:04.708830
1871,9,0,2025-10-30T22:42:04.708830
1872,5,3,2025-11-05T01:42:04.708830
1873,6,3,2025-11-03T03:42:04.708830
1874,7,1,2025-11-05T14:42:04.708830
1875,4,3,2025-10-31T02:42:04.708830
1876,4,1,2025-11-03T07:42:04.708830
1877,8,4,2025-11-03T10:42:04.708830
1878,3,2,2025-11-01T22:42:04.708830
1879,10,1,2025-11-02T23:42:04.708830
1880,5,2,2025-11-02T11:42:04.708830
1881,7,3,2025-11-02T15:42:04.708830
1882,4,3,2025-11-05T23:42:04.708830
1883,8,3,2025-11-01T06:42:04.708830
1884,7,0,2025-11-03T18:42:04.708830
1885,7,2,2025-11-04T09:42:04.708830
1886,5,0,2025-10-30T11:42:04.708830
1887,5,1,2025-10-31T12:42:04.708830
1888,8,0,2025-11-04T18:42:04.708830
1889,5,3,2025-10-31T16:42:04.708830
1890,3,2,2025-11-01T07:42:04.708830
1891,2,0,2025-11-02T22:42:04.708830
1892,4,0,2025-11-05T05:42:04.708830
1893,8,2,2025-11-01T04:42:04.708830
1894,1,2,2025-11-03T19:42:04.708830
1895,6,1,2025-11-04T18:42:04.708830
1896,6,2,2025-11-04T16:42:04.708830
1897,6,1,2025-11-01T03:42:04.708830
1898,8,2,2025-11-02T21:42:04.708830
1899,8,0,2025-11-03T14:42:04.708830
1900,6,0,2025-10-30T23:42:04.708830
1901,4,1,2025-10-30T01:42:04.708830
1902,4,0,2025-10-31T16:42:04.708830
1903,4,2,2025-11-04T20:42:04.708830
1904,4,0,2025-11-05T15:42:04.708830
1905,4,1,2025-11-05T13:42:04.708830
1906,7,1,2025-11-02T18:42:04.708830
1907,10,0,2025-11-05T10:42:04.708830
1908,6,3,2025-11-03T05:42:04.708830
1909,4,2,2025-11-05T17:42:04.708830
1910,9,4,2025-10-30T10:42:04.708830
1911,8,1,2025-10-31T23:42:04.708830
1912,6,3,2025-11-03T18:42:04.708830
1913,7,1,2025-11-05T01:42:04.708830
1914,2,2,2025-11-05T12:42:04.708830
1915,10,0,2025-11-05T08:42:04.708830
1916,7,1,2025-11-05T01:42:04.708830
1917,6,0,2025-11-03T05:42:04.708830
1918,6,0,2025-10-31T05:42:04.708830
1919,7,1,2025-10-31T12:42:04.708830
1920,5,2,2025-11-02T18:42:04.708830
1921,7,0,2025-11-04T07:42:04.708830
1922,5,1,2025-11-03T07:42:04.708830
1923,6,1,2025-11-01T22:42:04.708830
1924,6,1,2025-10-30T20:42:04.708830
1925,7,0,2025-11-05T14:42:04.708830
1926,8,1,2025-11-05T06:42:04.708830
1927,7,1,2025-11-03T22:42:04.708830
1928,6,1,2025-11-05T10:42:04.708830
1929,5,1,2025-11-03T21:42:04.708830
1930,4,2,2025-10-30T10:42:04.708830
1931,5,1,2025-11-04T01:42:04.708830
1932,7,0,2025-11-03T19:42:04.708830
1933,9,2,2025-11-02T16:42:04.708830
1934,6,1,2025-11-03T23:42:04.708830
1935,6,0,2025-11-02T20:42:04.708830
1936,3,4,2025-11-05T03:42:04.708830
1937,5,1,2025-11-04T05:42:04.708830
1938,6,3,2025-11-05T14:42:04.708830
1939,6,2,2025-10-31T23:42:04.708830
1940,4,1,2025-11-03T09:42:04.708830
1941,11,3,2025-11-04T20:42:04.708830
1942,5,1,2025-11-05T01:42:04.708830
1943,4,2,2025-11-04T00:42:04.708830
1944,5,2,2025-10-30T04:42:04.708830
1945,4,0,2025-11-04T16:42:04.708830
1946,6,0,2025-10-31T12:42:04.708830
1947,7,0,2025-11-03T05:42:04.708830
1948,5,4,2025-11-04T08:42:04.708830
1949,6,2,2025-10-31T06:42:04.708830
1950,4,2,2025-11-01T15:42:04.708830
1951,5,2,2025-11-03T09:42:04.708830
1952,6,2,2025-11-04T15:42:04.708830
1953,2,1,2025-11-05T12:42:04.708830
1954,9,2,2025-11-06T01:42:04.708830
1955,6,0,2025-10-30T20:42:04.708830
1956,7,1,2025-11-02T06:42:04.708830
1957,4,1,2025-11-04T17:42:04.708830
1958,5,4,2025-10-30T10:42:04.708830
1959,4,2,2025-11-02T00:42:04.708830
1960,5,1,2025-10-30T15:42:04.708830
1961,8,1,2025-11-04T15:42:04.708830
1962,2,1,2025-11-05T19:42:04.708830
1963,5,0,2025-11-01T18:42:04.708830
1964,5,2,2025-10-30T21:42:04.708830
1965,4,0,2025-11-04T14:42:04.708830
1966,2,2,2025-11-01T01:42:04.708830
1967,7,1,2025-11-02T15:42:04.708830
1968,4,0,2025-11-03T12:42:04.708830
1969,5,2,2025-11-03T07:42:04.708830
1970,4,1,2025-10-31T03:42:04.708830
1971,4,0,2025-11-04T20:42:04.708830
1972,2,1,2025-11-03T20:42:04.708830
1973,6,0,2025-11-02T20:42:04.708830
1974,4,2,2025-11-05T23:42:04.708830
1975,4,2,2025-11-02T22:42:04.708830
1976,4,1,2025-10-31T15:42:04.708830
1977,3,5,2025-11-02T14:42:04.708830
1978,6,1,2025-11-03T06:42:04.708830
1979,5,1,2025-11-02T04:42:04.708830
1980,1,5,2025-11-02T08:42:04.708830
1981,2,0,2025-11-05T19:42:04.708830
1982,8,0,2025-11-04T08:42:04.708830
1983,4,1,2025-11-02T03:42:04.708830
1984,6,1,2025-11-01T02:42:04.708830
1985,3,1,2025-11-05T08:42:04.708830
1986,10,0,2025-11-01T01:42:04.708830
1987,7,1,2025-11-01T20:42:04.708830
1988,6,3,2025-11-05T19:42:04.708830
1989,3,1,2025-11-05T01:42:04.708830
1990,3,2,2025-11-03T02:42:04.708830
1991,4,0,2025-11-02T01:42:04.708830
1992,8,3,2025-11-04T12:42:04.708830
1993,7,3,2025-11-05T09:42:04.708830
1994,5,1,2025-11-02T21:42:04.708830
1995,5,2,2025-11-02T23:42:04.708830
1996,2,3,2025-11-02T05:42:04.708830
1997,6,0,2025-11-02T01:42:04.708830
1998,3,0,2025-10-30T19:42:04.708830
1999,3,0,2025-11-01T17:42:04.708830
2000,172,50,2025-10-30T19:42:04.708830
